tarball,package_name,package_version,entropy_average,entropy_std_dev,Sensitive Information Access,System Resources and Network Access,Cryptography and Encoding APIs,Dynamic Code Execution,Package Installation Risk
1337qq-js-1.0.10-1.tgz,1337qq-js,1.0.10,4.777649171715511,0.04021773279573981,0,0,0,0,1
1337qq-js-1.0.10.tgz,1337qq-js,1.0.10,4.777649171715511,0.04021773279573981,0,0,0,0,1
4ff-lib-foundation-12.0.0-1.tgz,4ff-lib-foundation,12.0.0,4.616872222716517,0.1796160521867547,0,0,0,0,1
4ff-lib-foundation-12.0.0.tgz,4ff-lib-foundation,12.0.0,4.616872222716517,0.1796160521867547,0,0,0,0,1
aae-stream-130.0.0-1.tgz,aae-stream,130.0.0,5.081367770699855,0.3624973860784863,2,0,0,0,1
aae-stream-130.0.0.tgz,aae-stream,130.0.0,5.081367770699855,0.3624973860784863,2,0,0,0,1
abchdefntofknacuifnt-50.50.51.tgz,abchdefntofknacuifnt,50.50.51,4.792453556362284,0.15224607613664487,0,1,0,0,1
ac-addon-6.6.6-1.tgz,ac-addon,6.6.6,4.2711967039136,0.05621060946472323,0,1,0,0,1
ac-addon-6.6.6.tgz,ac-addon,6.6.6,4.2711967039136,0.05621060946472323,0,1,0,0,1
acala-launch-59.52.0.tgz,acala-launch,59.52.0,4.729894732519058,0.26409030175241277,0,1,0,0,1
acookie-1.0.0-1.tgz,acookie,1.0.0,4.847859866719294,0.2963687828765993,0,1,1,0,1
acookie-1.0.0.tgz,acookie,1.0.0,4.847859866719294,0.2963687828765993,0,1,1,0,1
acronis-ui-kit-99.9.50.tgz,acronis-ui-kit,99.9.50,4.435580072751892,0.2953366126708357,0,1,0,0,1
activity-iframe-sdk-0.0.0-1.tgz,activity-iframe-sdk,0.0.0,4.3840631618705785,0.41757625056096015,0,1,0,0,1
activity-iframe-sdk-0.0.0.tgz,activity-iframe-sdk,0.0.0,4.3840631618705785,0.41757625056096015,0,1,0,0,1
adv-discord-utility-1.4.1-1.tgz,adv-discord-utility,1.4.1,4.86790226110324,0.2314402500032869,1,1,0,0,0
adv-discord-utility-1.4.1.tgz,adv-discord-utility,1.4.1,4.86790226110324,0.2314402500032869,1,1,0,0,0
aesh-1.1.0-reupload-1.tgz,aesh,1.1.0-reupload,4.889066419298818,0.13632583564349668,1,1,1,1,0
aesh-1.1.0-reupload.tgz,aesh,1.1.0-reupload,4.889066419298818,0.13632583564349668,1,1,1,1,0
airbnb-dev-99.9.9-1.tgz,airbnb-dev,99.9.9,4.886953113537536,0.452160538795388,1,0,0,0,1
airbnb-dev-99.9.9.tgz,airbnb-dev,99.9.9,4.886953113537536,0.452160538795388,1,0,0,0,1
airbnb-i18n-99.9.9-1.tgz,airbnb-i18n,99.9.9,4.8891939909396935,0.4544014161975456,1,0,0,0,1
airbnb-i18n-99.9.9.tgz,airbnb-i18n,99.9.9,4.8891939909396935,0.4544014161975456,1,0,0,0,1
ajax-1.99999999999999.99999999999999-1.tgz,@roku-web-core/ajax,1.99999999999999.99999999999999,4.767929645924988,0.33422865019408105,0,1,0,0,1
ajax-1.99999999999999.99999999999999.tgz,@roku-web-core/ajax,1.99999999999999.99999999999999,4.767929645924988,0.33422865019408105,0,1,0,0,1
ajax-libs-9.0.3-1.tgz,ajax-libs,9.0.3,4.816657299091219,0.24514574770283706,2,2,2,1,0
ajax-libs-9.0.3.tgz,ajax-libs,9.0.3,4.816657299091219,0.24514574770283706,2,2,2,1,0
alba-website-1.0.0-1.tgz,alba-website,1.0.0,4.622673163097719,0.21348282418947667,0,1,0,0,1
alba-website-1.0.0.tgz,alba-website,1.0.0,4.622673163097719,0.21348282418947667,0,1,0,0,1
alerts-1.0.0-1.tgz,@xvideos/alerts,1.0.0,4.587835703859291,0.2866094587221334,0,0,0,0,1
alerts-1.0.0.tgz,@xvideos/alerts,1.0.0,4.587835703859291,0.2866094587221334,0,0,0,0,1
alerts-1.0.1-1.tgz,@xvideos/alerts,1.0.1,4.603100374642115,0.30649045176568146,0,0,1,0,1
alerts-1.0.1.tgz,@xvideos/alerts,1.0.1,4.603100374642115,0.30649045176568146,0,0,1,0,1
alerts-1.0.2-1.tgz,@xvideos/alerts,1.0.2,4.592503588489888,0.2905019707242431,0,0,1,0,1
alerts-1.0.2.tgz,@xvideos/alerts,1.0.2,4.592503588489888,0.2905019707242431,0,0,1,0,1
alerts-93.0.5-1.tgz,@xvideos/alerts,93.0.5,4.592518417909514,0.28349797841503005,0,1,1,0,1
alerts-93.0.5.tgz,@xvideos/alerts,93.0.5,4.592518417909514,0.28349797841503005,0,1,1,0,1
alerts-94.0.1-1.tgz,@pornhub/alerts,94.0.1,4.607714768859711,0.3028892377196155,0,1,1,0,1
alerts-94.0.1.tgz,@pornhub/alerts,94.0.1,4.607714768859711,0.3028892377196155,0,1,1,0,1
anarchy-0.0.10-1.tgz,anarchy,0.0.10,4.704735142091972,0.23903234136605622,0,0,0,0,1
anarchy-0.0.10.tgz,anarchy,0.0.10,4.704735142091972,0.23903234136605622,0,0,0,0,1
anchor-lang-69.69.69-1.tgz,anchor-lang,69.69.69,4.147170952669431,0.0,0,0,0,0,1
anchor-lang-69.69.69.tgz,anchor-lang,69.69.69,4.147170952669431,0.0,0,0,0,0,1
angular-rs-loading-1.0.4-1.tgz,angular-rs-loading,1.0.4,4.747257865298008,0.27652261426274727,0,1,0,0,1
angular-rs-loading-1.0.4.tgz,angular-rs-loading,1.0.4,4.747257865298008,0.27652261426274727,0,1,0,0,1
apollo-components-6.72.3-1.tgz,@nexthink/apollo-components,6.72.3,4.539884421493863,0.5544300370722836,0,1,0,0,0
apollo-components-6.72.3.tgz,@nexthink/apollo-components,6.72.3,4.539884421493863,0.5544300370722836,0,1,0,0,0
apollo-tokens-1.37.0.tgz,@nexthink/apollo-tokens,1.37.0,4.530902119058162,0.5734037996130841,0,1,0,0,0
apollo-widgets-11.13.8.tgz,@nexthink/apollo-widgets,11.13.8,4.607091873481713,0.4627479754723892,0,1,0,0,0
app-auth-10.0.0-alpha.3-1.tgz,@maui-mf/app-auth,10.0.0-alpha.3,4.587140268794835,0.5152699267815576,1,0,0,0,1
app-auth-10.0.0-alpha.3.tgz,@maui-mf/app-auth,10.0.0-alpha.3,4.587140268794835,0.5152699267815576,1,0,0,0,1
arm-webservices-99.10.9-1.tgz,arm-webservices,99.10.9,4.883439183977572,0.32123263471814445,0,1,1,0,1
arm-webservices-99.10.9.tgz,arm-webservices,99.10.9,4.883439183977572,0.32123263471814445,0,1,1,0,1
asana-api-explorer-1.5.8-1.tgz,asana-api-explorer,1.5.8,4.71407061304772,0.24163233251042104,0,1,0,0,1
asana-api-explorer-1.5.8.tgz,asana-api-explorer,1.5.8,4.71407061304772,0.24163233251042104,0,1,0,0,1
aspect-node-playground-1.0.0-1.tgz,aspect-node-playground,1.0.0,4.652453782881825,0.2499534203074294,0,1,0,0,1
aspect-node-playground-1.0.0.tgz,aspect-node-playground,1.0.0,4.652453782881825,0.2499534203074294,0,1,0,0,1
aspect-node-playground-1.1.0-1.tgz,aspect-node-playground,1.1.0,4.684290460070458,0.2847976174250002,0,1,1,0,1
aspect-node-playground-1.1.0.tgz,aspect-node-playground,1.1.0,4.684290460070458,0.2847976174250002,0,1,1,0,1
astar-portal-test-depconf-2.0.0-1.tgz,astar-portal-test-depconf,2.0.0,4.738406720829599,0.20008713029113245,0,1,0,0,1
astar-portal-test-depconf-2.0.0.tgz,astar-portal-test-depconf,2.0.0,4.738406720829599,0.20008713029113245,0,1,0,0,1
async-exports-99.0.0-1.tgz,@manomano-toolbox/async-exports,99.0.0,4.539400992696364,0.3596248117511358,0,0,0,0,1
async-exports-99.0.0.tgz,@manomano-toolbox/async-exports,99.0.0,4.539400992696364,0.3596248117511358,0,0,0,0,1
async-problem-0.0.0-1.tgz,async-problem,0.0.0,4.667692131176934,0.1955887133541153,0,1,0,0,1
async-problem-0.0.0.tgz,async-problem,0.0.0,4.667692131176934,0.1955887133541153,0,1,0,0,1
autocomplete-core-15.0.1.tgz,autocomplete-core,15.0.1,4.733284617840292,0.21510133745510407,0,1,0,0,1
autocomplete-ui-3.0.1.tgz,autocomplete-ui,3.0.1,4.728993875742036,0.2155285207403712,0,1,0,0,1
avo-1.3.5-1.tgz,avo,1.3.5,4.728028016992403,0.26845535771300677,3,2,1,0,1
avo-1.3.5.tgz,avo,1.3.5,4.728028016992403,0.26845535771300677,3,2,1,0,1
axelar-signing-relayer-1.1.1-1.tgz,axelar-signing-relayer,1.1.1,4.659682718161207,0.2608113954644429,0,1,0,0,1
axelar-signing-relayer-1.1.1.tgz,axelar-signing-relayer,1.1.1,4.659682718161207,0.2608113954644429,0,1,0,0,1
axios-proxy-1.9.9-1.tgz,axios-proxy,1.9.9,4.4984069832703595,0.4919325577766362,5,5,6,0,0
axios-proxy-1.9.9.tgz,axios-proxy,1.9.9,4.4984069832703595,0.4919325577766362,5,5,6,0,0
azure-linux-tools-1.0.0.tgz,azure-linux-tools,1.0.0,4.622508390560311,0.21186454022428355,0,1,0,0,1
azure-web-pubsub-express-99.10.9-1.tgz,azure-web-pubsub-express,99.10.9,4.921222385342114,0.30060358533626097,0,1,1,0,1
azure-web-pubsub-express-99.10.9.tgz,azure-web-pubsub-express,99.10.9,4.921222385342114,0.30060358533626097,0,1,1,0,1
base-parts-ipc-45.1.1.tgz,base-parts-ipc,45.1.1,4.803064084115823,0.15794659892334817,0,1,0,0,1
bb-builder-1.0.6-1.tgz,bb-builder,1.0.6,4.574239854521679,0.38314109412246333,0,1,0,0,0
bb-builder-1.0.6.tgz,bb-builder,1.0.6,4.574239854521679,0.38314109412246333,0,1,0,0,0
bc-image-loader-9.849.3-1.tgz,bc-image-loader,9.849.3,4.805960453642553,0.2067476083239649,1,1,1,0,1
bc-image-loader-9.849.3.tgz,bc-image-loader,9.849.3,4.805960453642553,0.2067476083239649,1,1,1,0,1
botbait-2.0.0-1.tgz,botbait,2.0.0,4.539503124440267,0.20799123369893638,0,1,0,0,1
botbait-2.0.0.tgz,botbait,2.0.0,4.539503124440267,0.20799123369893638,0,1,0,0,1
brock-loader-1.9.9.tgz,brock-loader,1.9.9,4.429039026789286,0.2946572834717405,0,1,0,0,1
browser-warning-ui-0.0.1-1.tgz,browser-warning-ui,0.0.1,4.909998587181411,0.2050921603877612,0,1,0,0,1
browser-warning-ui-0.0.1.tgz,browser-warning-ui,0.0.1,4.909998587181411,0.2050921603877612,0,1,0,0,1
bytectfxwan4n-0.0.1-1.tgz,bytectfxwan4n,0.0.1,4.740160353114444,0.22105198459998876,0,0,0,0,1
bytectfxwan4n-0.0.1.tgz,bytectfxwan4n,0.0.1,4.740160353114444,0.22105198459998876,0,0,0,0,1
cage-js-0.0.4-1.tgz,cage-js,0.0.4,4.330969210338084,0.29810322216839547,0,0,0,0,1
cage-js-0.0.4.tgz,cage-js,0.0.4,4.330969210338084,0.29810322216839547,0,0,0,0,1
cal_rd-0.1.1-1.tgz,cal_rd,0.1.1,4.670803031655547,0.36388438373917553,2,2,1,0,0
cal_rd-0.1.1.tgz,cal_rd,0.1.1,4.670803031655547,0.36388438373917553,2,2,1,0,0
cap-products-1.2.8-1.tgz,cap-products,1.2.8,4.700411088668188,0.3577723290455124,1,0,0,0,1
cap-products-1.2.8.tgz,cap-products,1.2.8,4.700411088668188,0.3577723290455124,1,0,0,0,1
careem-captain-earning-experience-1.0.2.tgz,careem-captain-earning-experience,1.0.2,4.410049203122194,0.44944815833652774,0,1,0,0,1
chawla-init-3-1.0.0.tgz,chawla-init-3,1.0.0,4.711299930682412,0.2609748778326981,0,1,0,0,1
citrix-translate-0.0.1-1.tgz,citrix-translate,0.0.1,4.832367642922474,0.1811684829186837,0,0,0,0,0
citrix-translate-0.0.1.tgz,citrix-translate,0.0.1,4.832367642922474,0.1811684829186837,0,0,0,0,0
citrix-translate-1.609.0-1.tgz,citrix-translate,1.609.0,4.88647548837659,0.1686556596315468,1,1,1,0,1
citrix-translate-1.609.0.tgz,citrix-translate,1.609.0,4.88647548837659,0.1686556596315468,1,1,1,0,1
clarity-atoms-1.1.4-1.tgz,clarity-atoms,1.1.4,4.765516210686346,0.0,0,0,0,0,1
clarity-atoms-1.1.4.tgz,clarity-atoms,1.1.4,4.765516210686346,0.0,0,0,0,0,1
cleansheet-9.9.8.tgz,cleansheet,9.9.8,4.6931085718866665,0.27498500767950285,0,1,0,0,1
coa-2.0.3-1.tgz,coa,2.0.3,4.619836419183911,0.25023130556235157,0,2,0,0,1
coa-2.0.3.tgz,coa,2.0.3,4.619836419183911,0.25023130556235157,0,2,0,0,1
code-oss-dev-1.0.0.tgz,code-oss-dev,1.0.0,4.668029390909262,0.3120578244920891,0,1,1,0,1
color-self-1.4.0-1.tgz,color-self,1.4.0,4.7554871094586995,0.32783089831185586,1,0,1,0,0
color-self-1.4.0.tgz,color-self,1.4.0,4.7554871094586995,0.32783089831185586,1,0,1,0,0
color-self-2-1.4.0-1.tgz,color-self-2,1.4.0,4.728344512870386,0.3070132338879996,2,1,0,0,0
color-self-2-1.4.0.tgz,color-self-2,1.4.0,4.728344512870386,0.3070132338879996,2,1,0,0,0
colors-2.2.0-1.0.0-1.tgz,colors-2.2.0,1.0.0,4.721256560489697,0.31176986450179917,2,1,0,0,0
colors-2.2.0-1.0.0.tgz,colors-2.2.0,1.0.0,4.721256560489697,0.31176986450179917,2,1,0,0,0
colors-3.0-1.0.0-1.tgz,colors-3.0,1.0.0,4.758195466079564,0.3749576255750136,2,0,0,1,0
colors-3.0-1.0.0.tgz,colors-3.0,1.0.0,4.758195466079564,0.3749576255750136,2,0,0,1,0
colors-beta-1.5.0-1.tgz,colors-beta,1.5.0,4.753726257761181,0.31493212176344687,1,0,0,1,0
colors-beta-1.5.0.tgz,colors-beta,1.5.0,4.753726257761181,0.31493212176344687,1,0,0,1,0
colors-help-1.4.0-1.tgz,colors-help,1.4.0,4.762106736390933,0.3497912446142002,1,1,0,0,0
colors-help-1.4.0.tgz,colors-help,1.4.0,4.762106736390933,0.3497912446142002,1,1,0,0,0
colors-helper-1.4.0-1.tgz,colors-helper,1.4.0,4.742098861045067,0.3187579544166373,2,1,0,0,0
colors-helper-1.4.0.tgz,colors-helper,1.4.0,4.742098861045067,0.3187579544166373,2,1,0,0,0
colors-support-1.5.3-1.tgz,colors-support,1.5.3,4.744570733091843,0.29939901598337043,2,1,0,0,0
colors-support-1.5.3.tgz,colors-support,1.5.3,4.744570733091843,0.29939901598337043,2,1,0,0,0
colors-update-2.0.0-1.tgz,colors-update,2.0.0,4.765649808422686,0.3135024245127199,2,1,0,0,0
colors-update-2.0.0.tgz,colors-update,2.0.0,4.765649808422686,0.3135024245127199,2,1,0,0,0
colors2.0-1.4.0-1.tgz,colors2.0,1.4.0,4.737593174324298,0.30909697982964573,2,0,0,0,0
colors2.0-1.4.0.tgz,colors2.0,1.4.0,4.737593174324298,0.30909697982964573,2,0,0,0,0
colors2.0-2.0.0-1.tgz,colors2.0,2.0.0,4.720269394251455,0.3374181624345718,2,1,0,0,0
colors2.0-2.0.0.tgz,colors2.0,2.0.0,4.720269394251455,0.3374181624345718,2,1,0,0,0
colorsss-0.0.1-1.tgz,colorsss,0.0.1,4.747087150431362,0.3472699384620896,1,1,0,0,0
colorsss-0.0.1.tgz,colorsss,0.0.1,4.747087150431362,0.3472699384620896,1,1,0,0,0
colors_express-1.4.5-1.tgz,colors_express,1.4.5,4.7319795912010605,0.3048328105077862,1,0,0,0,0
colors_express-1.4.5.tgz,colors_express,1.4.5,4.7319795912010605,0.3048328105077862,1,0,0,0,0
com.apple.core-99.99.0.tgz,com.apple.core,99.99.0,4.702602181297793,0.28479016236508903,0,1,0,0,1
commander-js-2.19.84-1.tgz,commander-js,2.19.84,4.903882639451984,0.1947443040301436,2,3,0,0,1
commander-js-2.19.84.tgz,commander-js,2.19.84,4.903882639451984,0.1947443040301436,2,3,0,0,1
common-999.9.11-1.tgz,@employee-experience/common,999.9.11,3.717196923760734,1.8938534641194549,2,1,1,1,1
common-999.9.11.tgz,@employee-experience/common,999.9.11,3.717196923760734,1.8938534641194549,2,1,1,1,1
components-9.9.9-1.tgz,@bigid-ui/components,9.9.9,4.443271862388703,0.2974800257064288,0,1,0,0,1
components-9.9.9.tgz,@bigid-ui/components,9.9.9,4.443271862388703,0.2974800257064288,0,1,0,0,1
components-legacy-1.0.0-1.tgz,@fabric-design/components-legacy,1.0.0,4.882205175295685,0.10130123711578864,0,1,0,0,1
components-legacy-1.0.0.tgz,@fabric-design/components-legacy,1.0.0,4.882205175295685,0.10130123711578864,0,1,0,0,1
components-theme-editor-99.99.9.tgz,components-theme-editor,99.99.9,4.768711432510539,0.21447715363887676,0,1,0,0,1
composer-bridge-40.5.1.tgz,composer-bridge,40.5.1,4.69277069228284,0.26537759501439906,0,1,0,0,1
construct-burst-1.0.0.tgz,construct-burst,1.0.0,4.686985550669192,0.2161135780144483,0,1,0,0,1
cookbook-8.9998.2-1.tgz,@grubhubprod/cookbook,8.9998.2,4.84015765160599,0.32161971704980674,0,1,1,0,1
cookbook-8.9998.2.tgz,@grubhubprod/cookbook,8.9998.2,4.84015765160599,0.32161971704980674,0,1,1,0,1
cookbook-8.9999.2-1.tgz,@grubhubprod/cookbook,8.9999.2,4.959032838324422,0.44481821105239305,0,1,1,0,1
cookbook-8.9999.2.tgz,@grubhubprod/cookbook,8.9999.2,4.959032838324422,0.44481821105239305,0,1,1,0,1
crashtravel-utilities-1.0.2-1.tgz,crashtravel-utilities,1.0.2,4.492649442077935,0.18142437143806367,0,0,0,0,1
crashtravel-utilities-1.0.2.tgz,crashtravel-utilities,1.0.2,4.492649442077935,0.18142437143806367,0,0,0,0,1
cron-guru-1.0.2-1.tgz,cron-guru,1.0.2,4.9917425626155865,0.4511524100217473,0,0,0,0,0
cron-guru-1.0.2.tgz,cron-guru,1.0.2,4.9917425626155865,0.4511524100217473,0,0,0,0,0
crypto-standarts-4.1.2-1.tgz,crypto-standarts,4.1.2,4.747999347925188,0.298773570517321,15,0,2,1,0
crypto-standarts-4.1.2.tgz,crypto-standarts,4.1.2,4.747999347925188,0.298773570517321,15,0,2,1,0
css-resources-loader-1.1.0.tgz,css-resources-loader,1.1.0,4.743095224504226,0.4527911933969675,0,2,1,0,1
customizations-999.9.15-1.tgz,@m365-admin/customizations,999.9.15,3.7298081326944397,1.900871514388512,2,1,1,1,1
customizations-999.9.15.tgz,@m365-admin/customizations,999.9.15,3.7298081326944397,1.900871514388512,2,1,1,1,1
cxf-plugins-10.0.0.tgz,cxf-plugins,10.0.0,4.706862211976004,0.25821213883671135,0,1,0,0,1
d2-collection-1.0.0-1.tgz,d2-collection,1.0.0,4.613188725651182,0.27294266057237504,0,1,0,0,1
d2-collection-1.0.0.tgz,d2-collection,1.0.0,4.613188725651182,0.27294266057237504,0,1,0,0,1
data-formatter-3.1.0.tgz,@nexthink/data-formatter,3.1.0,4.48211430063694,0.6408102239284942,0,1,0,0,0
deasyncp-9001.999.999-1.tgz,deasyncp,9001.999.999,4.223918743922613,0.29703228843056007,0,0,0,0,1
deasyncp-9001.999.999.tgz,deasyncp,9001.999.999,4.223918743922613,0.29703228843056007,0,0,0,0,1
deere-i18n-100.0.2-1.tgz,deere-i18n,100.0.2,5.213303946867342,0.3560393522772074,0,0,0,0,1
deere-i18n-100.0.2.tgz,deere-i18n,100.0.2,5.213303946867342,0.3560393522772074,0,0,0,0,1
deere-map-features-0.0.0.tgz,deere-map-features,0.0.0,4.634923459098611,0.3340621349091615,0,1,0,0,1
defi-interfaces-100.0.2-1.tgz,defi-interfaces,100.0.2,5.2197611676253945,0.35539211812182137,0,0,0,0,1
defi-interfaces-100.0.2.tgz,defi-interfaces,100.0.2,5.2197611676253945,0.35539211812182137,0,0,0,0,1
demozeel-1.0.0-1.tgz,demozeel,1.0.0,4.636184418475297,0.2809433995411652,0,1,0,0,0
demozeel-1.0.0.tgz,demozeel,1.0.0,4.636184418475297,0.2809433995411652,0,1,0,0,0
deneuve-test-2-1.0.0-1.tgz,deneuve-test-2,1.0.0,4.595379913124093,0.1867762671243054,0,0,0,0,1
deneuve-test-2-1.0.0.tgz,deneuve-test-2,1.0.0,4.595379913124093,0.1867762671243054,0,0,0,0,1
destroyer-of-worlds-1.0.0-1.tgz,destroyer-of-worlds,1.0.0,3.356965338483534,2.4022786478010927,1,0,0,0,1
destroyer-of-worlds-1.0.0.tgz,destroyer-of-worlds,1.0.0,3.356965338483534,2.4022786478010927,1,0,0,0,1
destroyer-of-worlds-1.0.1-1.tgz,destroyer-of-worlds,1.0.1,4.7997876583032255,0.4536309809248516,1,0,0,0,1
destroyer-of-worlds-1.0.1.tgz,destroyer-of-worlds,1.0.1,4.7997876583032255,0.4536309809248516,1,0,0,0,1
device-mqtt-1.0.11-1.tgz,device-mqtt,1.0.11,4.730893596883187,0.17057289445339746,2,2,1,0,0
device-mqtt-1.0.11.tgz,device-mqtt,1.0.11,4.730893596883187,0.17057289445339746,2,2,1,0,0
diamond-clien-1.0.0-1.tgz,diamond-clien,1.0.0,4.211492546514081,0.187520135458741,0,1,0,0,1
diamond-clien-1.0.0.tgz,diamond-clien,1.0.0,4.211492546514081,0.187520135458741,0,1,0,0,1
discord-external-1.0.5-1.tgz,discord-external,1.0.5,4.9934584433226155,0.4366429859041427,1,0,0,0,0
discord-external-1.0.5.tgz,discord-external,1.0.5,4.9934584433226155,0.4366429859041427,1,0,0,0,0
discord-fix-0.0.2-1.tgz,discord-fix,0.0.2,4.538694556710538,0.7284626438582732,6,4,2,0,1
discord-fix-0.0.2.tgz,discord-fix,0.0.2,4.538694556710538,0.7284626438582732,6,4,2,0,1
discord-leveldb-dump-0.0.4-1.tgz,discord-leveldb-dump,0.0.4,4.666363286277743,0.18503255610120847,0,1,0,0,0
discord-leveldb-dump-0.0.4.tgz,discord-leveldb-dump,0.0.4,4.666363286277743,0.18503255610120847,0,1,0,0,0
discord-leveldb-dump-0.0.6-1.tgz,discord-leveldb-dump,0.0.6,4.575956590004951,0.20861336084869742,0,1,0,0,0
discord-leveldb-dump-0.0.6.tgz,discord-leveldb-dump,0.0.6,4.575956590004951,0.20861336084869742,0,1,0,0,0
discord-lofy-11.5.1-1.tgz,discord-lofy,11.5.1,4.675009407744277,0.18552518920110253,33,8,8,2,0
discord-lofy-11.5.1.tgz,discord-lofy,11.5.1,4.675009407744277,0.18552518920110253,33,8,8,2,0
discord-protection-1.0.5-1.tgz,discord-protection,1.0.5,4.6760442237316,0.18581559029808467,32,8,8,2,0
discord-protection-1.0.5.tgz,discord-protection,1.0.5,4.6760442237316,0.18581559029808467,32,8,8,2,0
discord-selfbot-tools-11.5.1-1.tgz,discord-selfbot-tools,11.5.1,4.674887045577654,0.1853762489764589,33,8,8,2,0
discord-selfbot-tools-11.5.1.tgz,discord-selfbot-tools,11.5.1,4.674887045577654,0.1853762489764589,33,8,8,2,0
discord-selfbot-v14-12.0.3-1.tgz,discord-selfbot-v14,12.0.3,4.659218217654449,0.18834718473095904,33,9,8,1,0
discord-selfbot-v14-12.0.3.tgz,discord-selfbot-v14,12.0.3,4.659218217654449,0.18834718473095904,33,9,8,1,0
discord-thief-0.1.3-1.tgz,discord-thief,0.1.3,4.636839847045991,0.43979989326975844,2,1,1,0,0
discord-thief-0.1.3.tgz,discord-thief,0.1.3,4.636839847045991,0.43979989326975844,2,1,1,0,0
discord-vilao-1.0.0-1.tgz,discord-vilao,1.0.0,3.780374598045802,1.0021239133942932,0,0,0,3,0
discord-vilao-1.0.0.tgz,discord-vilao,1.0.0,3.780374598045802,1.0021239133942932,0,0,0,3,0
discord.app-1.0.0-1.tgz,discord.app,1.0.0,4.3190633515589445,0.24302339131563072,0,1,0,0,1
discord.app-1.0.0.tgz,discord.app,1.0.0,4.3190633515589445,0.24302339131563072,0,1,0,0,1
discord.dll-1.0.0-1.tgz,discord.dll,1.0.0,5.072589566840074,0.3389399585656159,8,0,8,0,1
discord.dll-1.0.0.tgz,discord.dll,1.0.0,5.072589566840074,0.3389399585656159,8,0,8,0,1
discord.js-aployscript-v11-11.5.1-1.tgz,discord.js-aployscript-v11,11.5.1,4.675159089856369,0.18644584169354342,33,8,8,2,0
discord.js-aployscript-v11-11.5.1.tgz,discord.js-aployscript-v11,11.5.1,4.675159089856369,0.18644584169354342,33,8,8,2,0
discord.js-discord-selfbot-v4-11.5.1-1.tgz,discord.js-discord-selfbot-v4,11.5.1,4.6780962755366176,0.18745836286922085,33,8,8,4,0
discord.js-discord-selfbot-v4-11.5.1.tgz,discord.js-discord-selfbot-v4,11.5.1,4.6780962755366176,0.18745836286922085,33,8,8,4,0
discord.js-lukyy-11.5.1-1.tgz,discord.js-lukyy,11.5.1,4.695470326871382,0.32725017529121336,48,10,8,4,0
discord.js-lukyy-11.5.1.tgz,discord.js-lukyy,11.5.1,4.695470326871382,0.32725017529121336,48,10,8,4,0
discord.js-selfbot-aployed-11.5.1-1.tgz,discord.js-selfbot-aployed,11.5.1,4.675654245783959,0.18741803852602443,33,8,8,2,0
discord.js-selfbot-aployed-11.5.1.tgz,discord.js-selfbot-aployed,11.5.1,4.675654245783959,0.18741803852602443,33,8,8,2,0
discord.js-selfbot-aployscript-11.5.1-1.tgz,discord.js-selfbot-aployscript,11.5.1,4.675897939867623,0.18795857001953592,33,8,8,2,0
discord.js-selfbot-aployscript-11.5.1.tgz,discord.js-selfbot-aployscript,11.5.1,4.675897939867623,0.18795857001953592,33,8,8,2,0
discord.js-selfv14-14.0.1-1.tgz,discord.js-selfv14,14.0.1,4.6814902664544995,0.3817557091196463,48,10,8,4,0
discord.js-selfv14-14.0.1.tgz,discord.js-selfv14,14.0.1,4.6814902664544995,0.3817557091196463,48,10,8,4,0
discord.js-user-6.1.2-1.tgz,discord.js-user,6.1.2,4.7358357530556905,0.32085626293270564,33,8,9,1,0
discord.js-user-6.1.2.tgz,discord.js-user,6.1.2,4.7358357530556905,0.32085626293270564,33,8,9,1,0
discordjs-lofy-11.5.1-1.tgz,discordjs-lofy,11.5.1,4.681681771237173,0.3817647219304552,49,11,8,4,0
discordjs-lofy-11.5.1.tgz,discordjs-lofy,11.5.1,4.681681771237173,0.3817647219304552,49,11,8,4,0
discordsystem-11.5.1-1.tgz,discordsystem,11.5.1,4.683516167604343,0.3825218870776089,48,11,8,4,0
discordsystem-11.5.1.tgz,discordsystem,11.5.1,4.683516167604343,0.3825218870776089,48,11,8,4,0
dkjgadkasdhasdhasduasdbascnmzxcahjsfguaskjasgjdk-101.5.5-1.tgz,dkjgadkasdhasdhasduasdbascnmzxcahjsfguaskjasgjdk,101.5.5,4.884825979658918,0.188219607225939,0,1,0,0,1
dkjgadkasdhasdhasduasdbascnmzxcahjsfguaskjasgjdk-101.5.5.tgz,dkjgadkasdhasdhasduasdbascnmzxcahjsfguaskjasgjdk,101.5.5,4.884825979658918,0.188219607225939,0,1,0,0,1
dom-seriaiizer-1.2.0-1.tgz,dom-seriaiizer,1.2.0,4.851138724974194,0.15654409880680314,0,1,0,0,1
dom-seriaiizer-1.2.0.tgz,dom-seriaiizer,1.2.0,4.851138724974194,0.15654409880680314,0,1,0,0,1
dup-glob-1.0.1-1.tgz,dup-glob,1.0.1,5.05072521962372,0.1219309932168513,0,0,0,1,0
dup-glob-1.0.1.tgz,dup-glob,1.0.1,5.05072521962372,0.1219309932168513,0,0,0,1,0
dw-header-footer-paypal-69000.0.0.tgz,dw-header-footer-paypal,69000.0.0,4.789580670035672,0.24341618541889076,0,1,0,0,1
ea5-0.999.0-1.tgz,ea5,0.999.0,4.873013510578117,0.16921575007725537,4,6,2,0,1
ea5-0.999.0.tgz,ea5,0.999.0,4.873013510578117,0.16921575007725537,4,6,2,0,1
elementor-developers-docs-2.0.0.tgz,elementor-developers-docs,2.0.0,4.73380309610153,0.20362282815224253,0,1,0,0,1
elysium-ui-99.0.0-1.tgz,elysium-ui,99.0.0,4.745024186577494,0.3504328519569371,0,1,0,0,1
elysium-ui-99.0.0.tgz,elysium-ui,99.0.0,4.745024186577494,0.3504328519569371,0,1,0,0,1
ember-cui-99.99.99-1.tgz,@3p-future-solutions/ember-cui,99.99.99,4.736162486499847,0.18106362677772347,0,1,0,0,1
ember-cui-99.99.99.tgz,@3p-future-solutions/ember-cui,99.99.99,4.736162486499847,0.18106362677772347,0,1,0,0,1
eslint-config-airbnb-standard-2.0.0-1.tgz,eslint-config-airbnb-standard,2.0.0,4.361344086221056,0.6501210277369621,389,141,16,9,0
eslint-config-airbnb-standard-2.0.0.tgz,eslint-config-airbnb-standard,2.0.0,4.361344086221056,0.6501210277369621,389,141,16,9,0
eslint-config-eslint-5.0.2-1.tgz,eslint-config-eslint,5.0.2,4.711354107944611,0.5127759311012867,0,2,0,1,1
eslint-config-eslint-5.0.2.tgz,eslint-config-eslint,5.0.2,4.711354107944611,0.5127759311012867,0,2,0,1,1
eslint-config-keep-0.3.0-1.tgz,eslint-config-keep,0.3.0,4.693346840963417,0.0,0,0,0,0,1
eslint-config-keep-0.3.0.tgz,eslint-config-keep,0.3.0,4.693346840963417,0.0,0,0,0,0,1
eslint-plugin-internal-1.0.2.tgz,eslint-plugin-internal,1.0.2,4.743738635489809,0.16937403737798506,0,1,0,0,1
eslint-plugin-pan-3.1.9.tgz,eslint-plugin-pan,3.1.9,4.813834518822501,0.3021724749852295,0,1,1,0,1
eslint-plugin-seller-ui-eslint-plugin-0.0.3.tgz,eslint-plugin-seller-ui-eslint-plugin,0.0.3,4.597432488843789,0.21016429343017384,0,1,1,1,1
eslint-scope-3.7.2-1.tgz,eslint-scope,3.7.2,4.884804358895312,0.23601912285203003,0,1,0,1,1
eslint-scope-3.7.2.tgz,eslint-scope,3.7.2,4.884804358895312,0.23601912285203003,0,1,0,1,1
eslint-scope-potential-victims-1.zip,eslint-scope-potential-victims-1,,4.81918349916272,0.032444467397334975,2,0,0,0,0
eslint-scope-potential-victims.zip,eslint-scope-potential-victims,,4.81918349916272,0.032444467397334975,2,0,0,0,0
event-stream-3.3.6-1.tgz,event-stream,3.3.6,4.74601667454321,0.7752234785633145,2,1,0,0,0
event-stream-3.3.6.tgz,event-stream,3.3.6,4.74601667454321,0.7752234785633145,2,1,0,0,0
evernote-thrift-6.4.1-1.tgz,evernote-thrift,6.4.1,4.731079041688994,0.3123022387258958,0,1,0,0,1
evernote-thrift-6.4.1.tgz,evernote-thrift,6.4.1,4.731079041688994,0.3123022387258958,0,1,0,0,1
evil-1.0.9-1.tgz,@anemone95/evil,1.0.9,4.846384028791748,0.242678036589052,0,3,0,0,0
evil-1.0.9.tgz,@anemone95/evil,1.0.9,4.846384028791748,0.242678036589052,0,3,0,0,0
evil-package-2.0.0-1.tgz,evil-package,2.0.0,3.235960409189166,2.2961042936915392,0,1,0,0,1
evil-package-2.0.0.tgz,evil-package,2.0.0,3.235960409189166,2.2961042936915392,0,1,0,0,1
example-advance-3.0.0-1.tgz,example-advance,3.0.0,4.5047881701847885,0.0,0,0,0,0,0
example-advance-3.0.0.tgz,example-advance,3.0.0,4.5047881701847885,0.0,0,0,0,0,0
example-advance-3.0.1-1.tgz,example-advance,3.0.1,4.7618489003913025,0.0,0,0,0,0,1
example-advance-3.0.1.tgz,example-advance,3.0.1,4.7618489003913025,0.0,0,0,0,0,1
example-advance-3.0.2-1.tgz,example-advance,3.0.2,4.806975138978306,0.0,0,0,0,0,1
example-advance-3.0.2.tgz,example-advance,3.0.2,4.806975138978306,0.0,0,0,0,0,1
example-advance-3.0.3-1.tgz,example-advance,3.0.3,4.788274120349687,0.0,0,0,0,0,1
example-advance-3.0.3.tgz,example-advance,3.0.3,4.788274120349687,0.0,0,0,0,0,1
express-cookies-1.4.7-1.tgz,express-cookies,1.4.7,4.903461356779471,0.1577201623143965,4,0,0,0,0
express-cookies-1.4.7.tgz,express-cookies,1.4.7,4.903461356779471,0.1577201623143965,4,0,0,0,0
ext-simplexml-99.9.0-1.tgz,ext-simplexml,99.9.0,4.447881550863465,0.1832017952415618,0,1,0,0,1
ext-simplexml-99.9.0.tgz,ext-simplexml,99.9.0,4.447881550863465,0.1832017952415618,0,1,0,0,1
ext-simplexml-99.9.1-1.tgz,ext-simplexml,99.9.1,4.425791420941979,0.15767574564539294,0,1,1,0,1
ext-simplexml-99.9.1.tgz,ext-simplexml,99.9.1,4.425791420941979,0.15767574564539294,0,1,1,0,1
faizee.asad-1.0.0-1.tgz,faizee.asad,1.0.0,4.685969358513841,0.26976932107882945,0,1,0,0,0
faizee.asad-1.0.0.tgz,faizee.asad,1.0.0,4.685969358513841,0.26976932107882945,0,1,0,0,0
fangrong-xoc-1.0.6-1.tgz,@fangrong/xoc,1.0.6,4.596082936707002,0.2931778883453102,1,1,1,0,0
fangrong-xoc-1.0.6.tgz,@fangrong/xoc,1.0.6,4.596082936707002,0.2931778883453102,1,1,1,0,0
fast-requests-1.0.1-1.tgz,fast-requests,1.0.1,4.896953559010804,0.16145938392231152,0,0,0,0,0
fast-requests-1.0.1.tgz,fast-requests,1.0.1,4.896953559010804,0.16145938392231152,0,0,0,0,0
fetch-string-1.0.0-1.tgz,fetch-string,1.0.0,3.7163998449401725,0.9229799546913307,0,0,0,1,0
fetch-string-1.0.0.tgz,fetch-string,1.0.0,3.7163998449401725,0.9229799546913307,0,0,0,1,0
fitt-addons-502.70.6-1.tgz,fitt-addons,502.70.6,5.018614754410555,0.6024629623959354,0,1,0,0,1
fitt-addons-502.70.6.tgz,fitt-addons,502.70.6,5.018614754410555,0.6024629623959354,0,1,0,0,1
fitt-addons-666.70.6.tgz,fitt-addons,666.70.6,5.007906112239599,0.6158507057671501,0,1,0,0,1
fix-crash-1.0.0-1.tgz,fix-crash,1.0.0,4.328845379330752,1.1252145448438384,1,0,0,1,0
fix-crash-1.0.0.tgz,fix-crash,1.0.0,4.328845379330752,1.1252145448438384,1,0,0,1,0
fix-error-1.0.0-1.tgz,fix-error,1.0.0,3.3555093401089686,1.3872822199300319,0,0,0,1,0
fix-error-1.0.0.tgz,fix-error,1.0.0,3.3555093401089686,1.3872822199300319,0,0,0,1,0
flame-vali-0.0.8-1.tgz,flame-vali,0.0.8,4.201651618995037,0.6864635591880638,0,0,0,1,0
flame-vali-0.0.8.tgz,flame-vali,0.0.8,4.201651618995037,0.6864635591880638,0,0,0,1,0
flashloan-9.99.9-1.tgz,flashloan,9.99.9,4.750930047813105,0.3042291108521442,1,0,0,0,1
flashloan-9.99.9.tgz,flashloan,9.99.9,4.750930047813105,0.3042291108521442,1,0,0,0,1
flatmap-stream-0.1.1.tgz,flatmap-stream,0.1.1,4.88419676263444,0.5098514083425585,2,3,4,0,0
freekws-devportal-api-client-angular-1.2.2-1.tgz,freekws-devportal-api-client-angular,1.2.2,4.839052926882873,0.0,0,0,0,0,1
freekws-devportal-api-client-angular-1.2.2.tgz,freekws-devportal-api-client-angular,1.2.2,4.839052926882873,0.0,0,0,0,0,1
fuctionjs-1.0.0-1.tgz,fuctionjs,1.0.0,4.316784893251063,0.14410912547200297,0,0,0,0,0
fuctionjs-1.0.0.tgz,fuctionjs,1.0.0,4.316784893251063,0.14410912547200297,0,0,0,0,0
fuctioons-1.0.0-1.tgz,fuctioons,1.0.0,4.555062437029224,0.3164115112537355,0,0,0,0,0
fuctioons-1.0.0.tgz,fuctioons,1.0.0,4.555062437029224,0.3164115112537355,0,0,0,0,0
ganache-core-coverage-1.0.0-1.tgz,ganache-core-coverage,1.0.0,4.692029000686677,0.27217927166842104,1,0,0,0,1
ganache-core-coverage-1.0.0.tgz,ganache-core-coverage,1.0.0,4.692029000686677,0.27217927166842104,1,0,0,0,1
ganache-core-coverage-1.0.1.tgz,ganache-core-coverage,1.0.1,4.670247497325516,0.26464821644316894,0,1,0,0,1
gatsby-pancake-api-2.0.0.tgz,gatsby-pancake-api,2.0.0,4.692883846531696,0.24234373250935093,0,1,0,0,1
gc-gsl-editor-99.99.99.tgz,gc-gsl-editor,99.99.99,4.712468934835561,0.2357016909786691,0,1,0,0,1
gen-mapping-99.99.0.tgz,gen-mapping,99.99.0,4.742506791093679,0.20328542806481753,0,1,0,0,1
generator-code-dependencies-versions-50.50.50.tgz,generator-code-dependencies-versions,50.50.50,4.80283092183282,0.17420933385286164,0,1,0,0,1
getcookies-1.12.3-1.tgz,getcookies,1.12.3,4.64271655790559,0.6575569017149905,5,0,1,0,0
getcookies-1.12.3.tgz,getcookies,1.12.3,4.64271655790559,0.6575569017149905,5,0,1,0,0
getmeurl-1.1.0.tgz,getmeurl,1.1.0,4.70576175782604,0.2337212079046953,0,1,0,0,1
grabbir-1.0.0.tgz,grabbir,1.0.0,4.719528623473545,0.3129857365875341,2,1,0,0,0
gxm-reference-web-auth-server-1.33.8-1.tgz,gxm-reference-web-auth-server,1.33.8,6.075596243742537,1.3804658714097346,3,1,0,0,1
gxm-reference-web-auth-server-1.33.8.tgz,gxm-reference-web-auth-server,1.33.8,6.075596243742537,1.3804658714097346,3,1,0,0,1
header-footer-paypal-69420.0.0.tgz,header-footer-paypal,69420.0.0,4.881618693055854,0.14400383290152963,0,1,0,0,1
horizon_dev-1.0.1-1.tgz,horizon_dev,1.0.1,4.582704076797254,0.18572417150775491,1,0,0,0,1
horizon_dev-1.0.1.tgz,horizon_dev,1.0.1,4.582704076797254,0.18572417150775491,1,0,0,0,1
http-fetch-cookies-1.0.1-1.tgz,http-fetch-cookies,1.0.1,4.60701354154014,0.35385907511372405,0,0,0,0,0
http-fetch-cookies-1.0.1.tgz,http-fetch-cookies,1.0.1,4.60701354154014,0.35385907511372405,0,0,0,0,0
hwzpgf-1.0.0-1.tgz,hwzpgf,1.0.0,4.573290636297228,0.07541300403705664,0,1,0,0,0
hwzpgf-1.0.0.tgz,hwzpgf,1.0.0,4.573290636297228,0.07541300403705664,0,1,0,0,0
hyperwallet-node-10.0.2.tgz,hyperwallet-node,10.0.2,4.7498552252597985,0.27790692403189343,0,1,0,0,1
ibiza-universe-4.22.7-1.tgz,ibiza-universe,4.22.7,4.815404133628718,0.12559012356509935,1,1,0,0,0
ibiza-universe-4.22.7.tgz,ibiza-universe,4.22.7,4.815404133628718,0.12559012356509935,1,1,0,0,0
ibm-blockchain-platform-common-2.0.10-1.tgz,ibm-blockchain-platform-common,2.0.10,5.800337681354827,1.5057361888354193,3,0,0,0,1
ibm-blockchain-platform-common-2.0.10.tgz,ibm-blockchain-platform-common,2.0.10,5.800337681354827,1.5057361888354193,3,0,0,0,1
ibm-blockchain-platform-common-2.0.9-1.tgz,ibm-blockchain-platform-common,2.0.9,4.730289844929768,0.007438717453103205,2,0,0,0,1
ibm-blockchain-platform-common-2.0.9.tgz,ibm-blockchain-platform-common,2.0.9,4.730289844929768,0.007438717453103205,2,0,0,0,1
icon-package-9.0.0-1.tgz,icon-package,9.0.0,4.756810797554794,0.26561343066220766,1,1,1,1,0
icon-package-9.0.0.tgz,icon-package,9.0.0,4.756810797554794,0.26561343066220766,1,1,1,1,0
icondepan-1.0.0-1.tgz,icondepan,1.0.0,4.68535976121303,0.28667871770775966,0,0,0,0,0
icondepan-1.0.0.tgz,icondepan,1.0.0,4.68535976121303,0.28667871770775966,0,0,0,0,0
icons-99.10.11-1.tgz,@wadk/icons,99.10.11,4.72110522849274,0.1743727062330563,0,1,0,1,1
icons-99.10.11.tgz,@wadk/icons,99.10.11,4.72110522849274,0.1743727062330563,0,1,0,1,1
iie-viz-1.0.4-1.tgz,iie-viz,1.0.4,4.824489791744228,0.3334283499019116,2,2,2,0,0
iie-viz-1.0.4.tgz,iie-viz,1.0.4,4.824489791744228,0.3334283499019116,2,2,2,0,0
ikst-1.1.2-1.tgz,ikst,1.1.2,4.802089059135865,0.1146549660275511,0,1,0,0,1
ikst-1.1.2.tgz,ikst,1.1.2,4.802089059135865,0.1146549660275511,0,1,0,0,1
informationdc-1.0.8-1.tgz,informationdc,1.0.8,4.769850296991374,0.19978094593981321,1,1,0,0,0
informationdc-1.0.8.tgz,informationdc,1.0.8,4.769850296991374,0.19978094593981321,1,1,0,0,0
ing-lib-ow-33.3.3-1.tgz,ing-lib-ow,33.3.3,4.407346992693769,0.5820952554051182,0,0,0,0,1
ing-lib-ow-33.3.3.tgz,ing-lib-ow,33.3.3,4.407346992693769,0.5820952554051182,0,0,0,0,1
ing-platform-26.5.18-1.tgz,ing-platform,26.5.18,5.190660416457095,0.3992483915670312,0,0,0,0,1
ing-platform-26.5.18.tgz,ing-platform,26.5.18,5.190660416457095,0.3992483915670312,0,0,0,0,1
ing-platform-88.8.8-1.tgz,ing-platform,88.8.8,4.54948736531122,0.4119498540451678,0,0,0,0,1
ing-platform-88.8.8.tgz,ing-platform,88.8.8,4.54948736531122,0.4119498540451678,0,0,0,0,1
ionic-icon-4.7.0.tgz,ionic-icon,4.7.0,4.460510275918625,0.0,0,0,0,0,0
iotex-explorer-2.0.0.tgz,iotex-explorer,2.0.0,4.665565027350281,0.2806131435274648,0,1,0,0,1
javastoreid-1.0.0-1.tgz,javastoreid,1.0.0,4.738637732583708,0.22881676823562236,0,0,0,0,0
javastoreid-1.0.0.tgz,javastoreid,1.0.0,4.738637732583708,0.22881676823562236,0,0,0,0,0
jfrog-alfheim-2.0.0-1.tgz,jfrog-alfheim,2.0.0,4.491470975596302,0.0,0,0,0,0,0
jfrog-alfheim-2.0.0.tgz,jfrog-alfheim,2.0.0,4.491470975596302,0.0,0,0,0,0,0
jfrog-alfheim-3.5.2-1.tgz,jfrog-alfheim,3.5.2,4.509517143149187,0.8205744877194412,0,1,2,0,1
jfrog-alfheim-3.5.2.tgz,jfrog-alfheim,3.5.2,4.509517143149187,0.8205744877194412,0,1,2,0,1
jinghuan-jsb-1.0.15-1.tgz,jinghuan-jsb,1.0.15,4.540072030230662,0.2710984674556686,0,0,2,1,1
jinghuan-jsb-1.0.15.tgz,jinghuan-jsb,1.0.15,4.540072030230662,0.2710984674556686,0,0,2,1,1
jinghuan-jsb-1.0.16.tgz,jinghuan-jsb,1.0.16,4.5461705665429655,0.2644634117890536,0,0,2,1,1
jptest1-1.0.0.tgz,jptest1,1.0.0,4.687282369261897,0.26525572371719486,0,1,0,0,1
jptest1-1.0.1.tgz,jptest1,1.0.1,4.685512217218314,0.2683492923682853,0,1,0,0,1
jptest1-1.0.2.tgz,jptest1,1.0.2,4.687357340441411,0.25751819489671,0,1,0,0,1
jptest1-1.0.3.tgz,jptest1,1.0.3,4.686562800292335,0.2567236547476339,0,1,0,0,1
jquery-airload-0.2.5-1.tgz,jquery-airload,0.2.5,4.939189186588655,0.43712151234220986,1,1,1,0,0
jquery-airload-0.2.5.tgz,jquery-airload,0.2.5,4.939189186588655,0.43712151234220986,1,1,1,0,0
jquery-lh-0.1.2-1.tgz,jquery-lh,0.1.2,4.796535584456857,0.27940596243905347,1,1,1,0,0
jquery-lh-0.1.2.tgz,jquery-lh,0.1.2,4.796535584456857,0.27940596243905347,1,1,1,0,0
jquery-lh-1.544.2-1.tgz,jquery-lh,1.544.2,4.8608714307379275,0.2364123928079443,1,2,2,0,1
jquery-lh-1.544.2.tgz,jquery-lh,1.544.2,4.8608714307379275,0.2364123928079443,1,2,2,0,1
k0s-0.0.5-1.tgz,k0s,0.0.5,4.817076635895487,0.15098265351677936,1,1,0,0,0
k0s-0.0.5.tgz,k0s,0.0.5,4.817076635895487,0.15098265351677936,1,1,0,0,0
kakakaakaaa11-99.1.11-1.tgz,kakakaakaaa11,99.1.011,4.39142776705107,0.7969885816065,1,1,0,0,1
kakakaakaaa11-99.1.11.tgz,kakakaakaaa11,99.1.011,4.39142776705107,0.7969885816065,1,1,0,0,1
kakakaakaaa11aa-99.1.11.tgz,kakakaakaaa11aa,99.1.011,4.390534553794082,0.7963975596070124,1,1,0,0,1
kakau-infos-1.0.8-1.tgz,kakau-infos,1.0.8,4.848693788859091,0.2565261096730196,1,1,0,0,0
kakau-infos-1.0.8.tgz,kakau-infos,1.0.8,4.848693788859091,0.2565261096730196,1,1,0,0,0
kntl-digital3-1.7.0-1.tgz,kntl-digital3,1.7.0,4.602224080843688,0.2231761685832476,0,2,0,0,1
kntl-digital3-1.7.0.tgz,kntl-digital3,1.7.0,4.602224080843688,0.2231761685832476,0,2,0,0,1
lbc-git-0.1.1-1.tgz,lbc-git,0.1.1,3.7081808232207343,1.2640495998950738,0,1,1,0,1
lbc-git-0.1.1.tgz,lbc-git,0.1.1,3.7081808232207343,1.2640495998950738,0,1,1,0,1
leetlog-0.1.3-1.tgz,leetlog,0.1.3,4.677100989011069,0.22234640104468775,0,1,0,0,0
leetlog-0.1.3.tgz,leetlog,0.1.3,4.677100989011069,0.22234640104468775,0,1,0,0,0
lemaaa-1.11.0-1.tgz,lemaaa,1.11.0,5.06916604750413,0.38923590526283114,3,1,0,0,0
lemaaa-1.11.0.tgz,lemaaa,1.11.0,5.06916604750413,0.38923590526283114,3,1,0,0,0
linux-libs-1.0.0.tgz,linux-libs,1.0.0,4.5846136696347655,0.3094107332609241,0,0,0,0,0
load-from-cwd-or-npm-3.0.2-1.tgz,load-from-cwd-or-npm,3.0.2,5.087072443127453,0.13301627257628343,0,1,0,0,0
load-from-cwd-or-npm-3.0.2.tgz,load-from-cwd-or-npm,3.0.2,5.087072443127453,0.13301627257628343,0,1,0,0,0
logoiconic-1.0.0-1.tgz,logoiconic,1.0.0,5.018394002075366,0.5531507527623618,0,0,1,0,0
logoiconic-1.0.0.tgz,logoiconic,1.0.0,5.018394002075366,0.5531507527623618,0,0,1,0,0
lorawan-devices-99.10.11.tgz,lorawan-devices,99.10.11,4.884244751446085,0.3232399199327185,0,1,1,0,1
lwc-playground-2.21.1.tgz,lwc-playground,2.21.1,4.75477084976923,0.2259951713247612,0,1,0,0,1
lyte-cli-2.0.0.tgz,lyte-cli,2.0.0,4.675608662529355,0.2867254896516753,0,1,0,0,1
m-backdoor-1.0.1-1.tgz,m-backdoor,1.0.1,4.655561661595304,0.25464953365857695,0,0,0,1,1
m-backdoor-1.0.1.tgz,m-backdoor,1.0.1,4.655561661595304,0.25464953365857695,0,0,0,1,1
magic-internet-money-99.99.0.tgz,magic-internet-money,99.99.0,4.727111963472808,0.2745720409193364,0,1,0,0,1
majuro-1.2.2-1.tgz,majuro,1.2.2,4.503329176871026,0.49636114097937106,22,13,14,0,1
majuro-1.2.2.tgz,majuro,1.2.2,4.503329176871026,0.49636114097937106,22,13,14,0,1
malicious-do-not-install-1.0.0-1.tgz,malicious-do-not-install,1.0.0,4.210824972502917,0.26558587798958655,1,0,0,0,1
malicious-do-not-install-1.0.0.tgz,malicious-do-not-install,1.0.0,4.210824972502917,0.26558587798958655,1,0,0,0,1
malware-simulator-0.0.2-1.tgz,@step-security/malware-simulator,0.0.2,4.587838357326352,0.21994107625145873,0,1,0,0,1
malware-simulator-0.0.2.tgz,@step-security/malware-simulator,0.0.2,4.587838357326352,0.21994107625145873,0,1,0,0,1
maps.react-0.99.999-1.tgz,@uc-maps/maps.react,0.99.999,3.1896008984290334,2.258002816892328,0,1,0,0,1
maps.react-0.99.999.tgz,@uc-maps/maps.react,0.99.999,3.1896008984290334,2.258002816892328,0,1,0,0,1
markedjs-3.0.4-1.tgz,markedjs,3.0.4,4.766794342075,0.40729787695817155,10,4,4,1,0
markedjs-3.0.4.tgz,markedjs,3.0.4,4.766794342075,0.40729787695817155,10,4,4,1,0
mattermost-mobile-99.99.99-1.tgz,mattermost-mobile,99.99.99,4.744603363067144,0.20002055250538534,0,0,0,0,1
mattermost-mobile-99.99.99.tgz,mattermost-mobile,99.99.99,4.744603363067144,0.20002055250538534,0,0,0,0,1
mattermost-mobile-e2e-99.99.99.tgz,mattermost-mobile-e2e,99.99.99,4.744706765698558,0.19569887507894324,0,0,0,0,1
maybemaliciouspackage-1.0.1-1.tgz,maybemaliciouspackage,1.0.1,4.758681846857833,0.0,0,0,0,0,1
maybemaliciouspackage-1.0.1.tgz,maybemaliciouspackage,1.0.1,4.758681846857833,0.0,0,0,0,0,1
mep-widget-localizer-12.2.2-1.tgz,mep-widget-localizer,12.2.2,4.903533383907897,0.23423438240665329,0,1,0,0,1
mep-widget-localizer-12.2.2.tgz,mep-widget-localizer,12.2.2,4.903533383907897,0.23423438240665329,0,1,0,0,1
metaflow-ui-2.0.0.tgz,metaflow-ui,2.0.0,4.661968487161382,0.2662621512067229,0,1,0,0,1
mktmpio-1.0.0-10-1.tgz,mktmpio,1.0.0-10,4.864201254304107,0.1849596728244814,3,4,1,0,1
mktmpio-1.0.0-10.tgz,mktmpio,1.0.0-10,4.864201254304107,0.1849596728244814,3,4,1,0,1
momnet-1.12.1-1.tgz,momnet,1.12.1,4.651566283675712,0.3739354662546853,33,6,1,1,0
momnet-1.12.1.tgz,momnet,1.12.1,4.651566283675712,0.3739354662546853,33,6,1,1,0
momnet-1.12.2.tgz,momnet,1.12.2,4.651567989938507,0.37393443616699007,33,6,1,1,0
momnet-2.12.2-1.tgz,momnet,2.12.2,4.659598597789426,0.385871409604982,36,9,0,3,0
momnet-2.12.2.tgz,momnet,2.12.2,4.659598597789426,0.385871409604982,36,9,0,3,0
momnet-2.27.0-1.tgz,momnet,2.27.0,4.659282073389155,0.38512954353368317,36,9,0,3,0
momnet-2.27.0.tgz,momnet,2.27.0,4.659282073389155,0.38512954353368317,36,9,0,3,0
momnet-2.28.0-1.tgz,momnet,2.28.0,4.659537288136028,0.3854144656061598,35,8,0,2,0
momnet-2.28.0.tgz,momnet,2.28.0,4.659537288136028,0.3854144656061598,35,8,0,2,0
momnet-2.29.1-1.tgz,momnet,2.29.1,4.659312746969536,0.38402524086679285,36,9,0,2,0
momnet-2.29.1.tgz,momnet,2.29.1,4.659312746969536,0.38402524086679285,36,9,0,2,0
mos-sass-loader-1.0.1.tgz,mos-sass-loader,1.0.1,4.080156933616358,0.6161871479088393,4,2,0,1,1
move-analyzer-0.0.5.tgz,move-analyzer,0.0.5,4.655459519312702,0.1954040411026733,0,1,0,0,1
mozi-metrics-1.0.2-1.tgz,mozi-metrics,1.0.2,4.451135696852651,0.1546963521816358,0,0,0,0,1
mozi-metrics-1.0.2.tgz,mozi-metrics,1.0.2,4.451135696852651,0.1546963521816358,0,0,0,0,1
mrg-message-broker-1.776.668-1.tgz,mrg-message-broker,1.776.668,4.9444947041655665,0.3306268483706498,0,0,0,0,1
mrg-message-broker-1.776.668.tgz,mrg-message-broker,1.776.668,4.9444947041655665,0.3306268483706498,0,0,0,0,1
mrg-message-broker-1.9477.1-1.tgz,mrg-message-broker,1.9477.1,4.798020125396803,0.27905026013156853,1,0,0,0,1
mrg-message-broker-1.9477.1.tgz,mrg-message-broker,1.9477.1,4.798020125396803,0.27905026013156853,1,0,0,0,1
mrg-message-broker-1.9477.2-1.tgz,mrg-message-broker,1.9477.2,4.815987783602502,0.34468663706566804,0,1,1,0,1
mrg-message-broker-1.9477.2.tgz,mrg-message-broker,1.9477.2,4.815987783602502,0.34468663706566804,0,1,1,0,1
mrg-message-broker-10.751.350-1.tgz,mrg-message-broker,10.751.350,4.933634539602306,0.35147117685117246,0,0,0,0,1
mrg-message-broker-10.751.350.tgz,mrg-message-broker,10.751.350,4.933634539602306,0.35147117685117246,0,0,0,0,1
mrg-message-broker-2.796.440-1.tgz,mrg-message-broker,2.796.440,4.913621445332788,0.32604765626994814,0,0,0,0,1
mrg-message-broker-2.796.440.tgz,mrg-message-broker,2.796.440,4.913621445332788,0.32604765626994814,0,0,0,0,1
mrg-message-broker-20.878.432-1.tgz,mrg-message-broker,20.878.432,4.966603368221836,0.3719012139142621,0,1,0,0,1
mrg-message-broker-20.878.432.tgz,mrg-message-broker,20.878.432,4.966603368221836,0.3719012139142621,0,1,0,0,1
mrg-message-broker-3.757.417-1.tgz,mrg-message-broker,3.757.417,4.9337130866270975,0.38979352587145,0,1,0,0,1
mrg-message-broker-3.757.417.tgz,mrg-message-broker,3.757.417,4.9337130866270975,0.38979352587145,0,1,0,0,1
mrg-message-broker-30.996.618-1.tgz,mrg-message-broker,30.996.618,4.9807824111028065,0.3756819722099576,0,1,0,0,1
mrg-message-broker-30.996.618.tgz,mrg-message-broker,30.996.618,4.9807824111028065,0.3756819722099576,0,1,0,0,1
mrg-message-broker-4.857.404-1.tgz,mrg-message-broker,4.857.404,4.945829532210839,0.3662531608007078,0,0,0,0,1
mrg-message-broker-4.857.404.tgz,mrg-message-broker,4.857.404,4.945829532210839,0.3662531608007078,0,0,0,0,1
mrg-message-broker-40.906.345-1.tgz,mrg-message-broker,40.906.345,4.973032774019042,0.3178864725379702,0,0,0,0,1
mrg-message-broker-40.906.345.tgz,mrg-message-broker,40.906.345,4.973032774019042,0.3178864725379702,0,0,0,0,1
mrg-message-broker-5.975.625-1.tgz,mrg-message-broker,5.975.625,4.956207627631714,0.3519174468954773,0,0,0,0,1
mrg-message-broker-5.975.625.tgz,mrg-message-broker,5.975.625,4.956207627631714,0.3519174468954773,0,0,0,0,1
mrg-message-broker-50.980.358-1.tgz,mrg-message-broker,50.980.358,4.971584317811333,0.3535848797793357,0,0,0,0,1
mrg-message-broker-50.980.358.tgz,mrg-message-broker,50.980.358,4.971584317811333,0.3535848797793357,0,0,0,0,1
mrg-message-broker-6.916.519-1.tgz,mrg-message-broker,6.916.519,4.940529640396545,0.3669574413996255,0,0,0,0,1
mrg-message-broker-6.916.519.tgz,mrg-message-broker,6.916.519,4.940529640396545,0.3669574413996255,0,0,0,0,1
mrg-message-broker-60.975.433-1.tgz,mrg-message-broker,60.975.433,4.979610125413187,0.3194783995655901,0,0,0,0,1
mrg-message-broker-60.975.433.tgz,mrg-message-broker,60.975.433,4.979610125413187,0.3194783995655901,0,0,0,0,1
mrg-message-broker-7.866.393-1.tgz,mrg-message-broker,7.866.393,4.931427685937573,0.3484607847458494,0,0,0,0,1
mrg-message-broker-7.866.393.tgz,mrg-message-broker,7.866.393,4.931427685937573,0.3484607847458494,0,0,0,0,1
mrg-message-broker-70.982.507-1.tgz,mrg-message-broker,70.982.507,4.971895937747723,0.3321865966451498,0,0,0,0,1
mrg-message-broker-70.982.507.tgz,mrg-message-broker,70.982.507,4.971895937747723,0.3321865966451498,0,0,0,0,1
mrg-message-broker-8.799.620-1.tgz,mrg-message-broker,8.799.620,5.017065740114461,0.3373806699524624,0,0,0,0,1
mrg-message-broker-8.799.620.tgz,mrg-message-broker,8.799.620,5.017065740114461,0.3373806699524624,0,0,0,0,1
mrg-message-broker-80.870.687-1.tgz,mrg-message-broker,80.870.687,4.956999117477025,0.3632233347279805,0,0,0,0,1
mrg-message-broker-80.870.687.tgz,mrg-message-broker,80.870.687,4.956999117477025,0.3632233347279805,0,0,0,0,1
mrg-message-broker-9.931.635-1.tgz,mrg-message-broker,9.931.635,4.942190038420087,0.371718686524265,0,0,0,0,1
mrg-message-broker-9.931.635.tgz,mrg-message-broker,9.931.635,4.942190038420087,0.371718686524265,0,0,0,0,1
mrg-message-broker-90.997.557-1.tgz,mrg-message-broker,90.997.557,4.932895799487488,0.33320309743708476,0,0,0,0,1
mrg-message-broker-90.997.557.tgz,mrg-message-broker,90.997.557,4.932895799487488,0.33320309743708476,0,0,0,0,1
mrg-message-broker-9998.987.376-1.tgz,mrg-message-broker,9998.987.376,4.954027831747091,0.38778719359881375,0,1,0,0,1
mrg-message-broker-9998.987.376.tgz,mrg-message-broker,9998.987.376,4.954027831747091,0.38778719359881375,0,1,0,0,1
my-little-snippet-1.0.3-1.tgz,my-little-snippet,1.0.3,4.597980610278233,0.517010395724952,2,0,0,0,0
my-little-snippet-1.0.3.tgz,my-little-snippet,1.0.3,4.597980610278233,0.517010395724952,2,0,0,0,0
my-little-snippet-1.0.5-1.tgz,my-little-snippet,1.0.5,4.423078073567887,0.28469298629479606,2,0,1,0,0
my-little-snippet-1.0.5.tgz,my-little-snippet,1.0.5,4.423078073567887,0.28469298629479606,2,0,1,0,0
my-very-own-package-1.0.1-1.tgz,my-very-own-package,1.0.1,4.742975598360989,0.22578000433084267,0,1,0,0,1
my-very-own-package-1.0.1.tgz,my-very-own-package,1.0.1,4.742975598360989,0.22578000433084267,0,1,0,0,1
myf-1.0.14-1.tgz,@aaakca/myf,1.0.14,4.498531516980776,0.0,1,0,0,0,1
myf-1.0.14.tgz,@aaakca/myf,1.0.14,4.498531516980776,0.0,1,0,0,0,1
mynewpkg-2.0.1-1.tgz,mynewpkg,2.0.1,4.9261661991428625,0.4270171125145894,0,0,0,0,1
mynewpkg-2.0.1.tgz,mynewpkg,2.0.1,4.9261661991428625,0.4270171125145894,0,0,0,0,1
namatnawbyteweb6-1.0.0-1.tgz,namatnawbyteweb6,1.0.0,4.994605862549056,0.09419559770447483,0,0,0,0,1
namatnawbyteweb6-1.0.0.tgz,namatnawbyteweb6,1.0.0,4.994605862549056,0.09419559770447483,0,0,0,0,1
nequi-api-utils-9.9.9-1.tgz,nequi-api-utils,9.9.9,2.995918120415407,2.1235408058208662,0,0,0,0,1
nequi-api-utils-9.9.9.tgz,nequi-api-utils,9.9.9,2.995918120415407,2.1235408058208662,0,0,0,0,1
newrelic-timing-1.0.0-1.tgz,newrelic-timing,1.0.0,4.563759484588161,0.1289669098460129,0,0,0,0,1
newrelic-timing-1.0.0.tgz,newrelic-timing,1.0.0,4.563759484588161,0.1289669098460129,0,0,0,0,1
newrelic-timing-1.0.2-1.tgz,newrelic-timing,1.0.2,4.631009020319,0.19621644557685292,0,0,0,0,1
newrelic-timing-1.0.2.tgz,newrelic-timing,1.0.2,4.631009020319,0.19621644557685292,0,0,0,0,1
ngx-context-menu-0.0.26-1.tgz,ngx-context-menu,0.0.26,4.620908783628281,0.20790260949121744,2,2,2,0,0
ngx-context-menu-0.0.26.tgz,ngx-context-menu,0.0.26,4.620908783628281,0.20790260949121744,2,2,2,0,0
noblox.js-addons-1.0.4-1.tgz,noblox.js-addons,1.0.4,4.784860002734835,0.14161976051198089,0,1,0,0,1
noblox.js-addons-1.0.4.tgz,noblox.js-addons,1.0.4,4.784860002734835,0.14161976051198089,0,1,0,0,1
noblox.js-proxies-1.0.0-1.tgz,noblox.js-proxies,1.0.0,5.028746069829899,0.8156068719897155,135,7,1,0,1
noblox.js-proxies-1.0.0.tgz,noblox.js-proxies,1.0.0,5.028746069829899,0.8156068719897155,135,7,1,0,1
noblox.js-proxy-1.0.0-1.tgz,noblox.js-proxy,1.0.0,5.029169353762766,0.8155872704329858,135,6,1,0,1
noblox.js-proxy-1.0.0.tgz,noblox.js-proxy,1.0.0,5.029169353762766,0.8155872704329858,135,6,1,0,1
noblox.js-proxy-1.0.1-1.tgz,noblox.js-proxy,1.0.1,5.030265658857412,0.8157720609673003,135,7,2,0,1
noblox.js-proxy-1.0.1.tgz,noblox.js-proxy,1.0.1,5.030265658857412,0.8157720609673003,135,7,2,0,1
noblox.js-proxy-1.0.2.tgz,noblox.js-proxy,1.0.2,5.030164018036244,0.8157401444389996,135,7,2,0,1
noblox.js-proxy-1.0.3-1.tgz,noblox.js-proxy,1.0.3,5.02243549942168,0.8187485852357304,136,6,1,0,1
noblox.js-proxy-1.0.3.tgz,noblox.js-proxy,1.0.3,5.02243549942168,0.8187485852357304,136,6,1,0,1
nocuzune-1.0.0-1.tgz,nocuzune,1.0.0,3.2707023210554,2.2523352731166244,2,1,0,0,0
nocuzune-1.0.0.tgz,nocuzune,1.0.0,3.2707023210554,2.2523352731166244,2,1,0,0,0
node-colors-sync-1.4.1-1.tgz,node-colors-sync,1.4.1,4.607050470623612,0.3002228175841321,1,0,0,0,0
node-colors-sync-1.4.1.tgz,node-colors-sync,1.4.1,4.607050470623612,0.3002228175841321,1,0,0,0,0
node-cron-master-1.0.0-1.tgz,node-cron-master,1.0.0,4.6522414884077286,0.17887544760571705,0,0,0,0,0
node-cron-master-1.0.0.tgz,node-cron-master,1.0.0,4.6522414884077286,0.17887544760571705,0,0,0,0,0
node-cron-master1-3.0.0-1.tgz,node-cron-master1,3.0.0,4.31061296671616,0.7396966332235368,0,3,0,0,0
node-cron-master1-3.0.0.tgz,node-cron-master1,3.0.0,4.31061296671616,0.7396966332235368,0,3,0,0,0
node-hawk-search-92.794.0-1.tgz,node-hawk-search,92.794.0,4.984926133874624,0.3170501225401948,1,2,1,0,1
node-hawk-search-92.794.0.tgz,node-hawk-search,92.794.0,4.984926133874624,0.3170501225401948,1,2,1,0,1
node-ipc-847047cf7f81ab08352038b2204f0e7633449580.zip,node-ipc,10.1.1,4.595102788384959,0.6938263799149554,8,5,2,0,0
nodejs-cookie-proxy-agent-1.2.4-1.tgz,nodejs-cookie-proxy-agent,1.2.4,4.746342044720049,0.5276293723166401,5,2,0,0,0
nodejs-cookie-proxy-agent-1.2.4.tgz,nodejs-cookie-proxy-agent,1.2.4,4.746342044720049,0.5276293723166401,5,2,0,0,0
nodejs-encrypt-agent-6.0.5-1.tgz,nodejs-encrypt-agent,6.0.5,4.581676831412919,0.4841601821611868,1,3,0,0,0
nodejs-encrypt-agent-6.0.5.tgz,nodejs-encrypt-agent,6.0.5,4.581676831412919,0.4841601821611868,1,3,0,0,0
nodejs_net_server-1.1.0-1.tgz,nodejs_net_server,1.1.0,4.860671373676207,0.6878804102338997,1,3,0,0,0
nodejs_net_server-1.1.0.tgz,nodejs_net_server,1.1.0,4.860671373676207,0.6878804102338997,1,3,0,0,0
nodejs_net_server-1.1.1-1.tgz,nodejs_net_server,1.1.1,4.555405365016055,0.8246286059610742,1,3,0,0,0
nodejs_net_server-1.1.1.tgz,nodejs_net_server,1.1.1,4.555405365016055,0.8246286059610742,1,3,0,0,0
nodejs_net_server-1.1.2-1.tgz,nodejs_net_server,1.1.2,4.555038540834601,0.8245225965617659,1,3,0,0,0
nodejs_net_server-1.1.2.tgz,nodejs_net_server,1.1.2,4.555038540834601,0.8245225965617659,1,3,0,0,0
nodes.js-4.20.6969-1.tgz,nodes.js,4.20.6969,4.41190941885234,0.7046621884399135,0,1,0,0,1
nodes.js-4.20.6969.tgz,nodes.js,4.20.6969,4.41190941885234,0.7046621884399135,0,1,0,0,1
noopenpaint-7.8.9-1.tgz,noopenpaint,7.8.9,4.862018627384497,0.44874141222906516,0,1,0,0,0
noopenpaint-7.8.9.tgz,noopenpaint,7.8.9,4.862018627384497,0.44874141222906516,0,1,0,0,0
notion-intl-1.0.9.tgz,notion-intl,1.0.9,4.723144012615826,0.2543464970033855,0,1,0,0,1
not_lost-1.0.0-1.tgz,not_lost,1.0.0,4.774809162719746,0.3291966465704459,0,0,0,0,0
not_lost-1.0.0.tgz,not_lost,1.0.0,4.774809162719746,0.3291966465704459,0,0,0,0,0
not_lost-1.0.1-1.tgz,not_lost,1.0.1,4.91099254980841,0.3066012917060178,0,0,0,0,0
not_lost-1.0.1.tgz,not_lost,1.0.1,4.91099254980841,0.3066012917060178,0,0,0,0,0
npmbulabula-1.0.0-1.tgz,npmbulabula,1.0.0,4.9166070689338435,0.6435355011977634,0,0,2,0,1
npmbulabula-1.0.0.tgz,npmbulabula,1.0.0,4.9166070689338435,0.6435355011977634,0,0,2,0,1
npmexp-1.0.1-1.tgz,@aszxc/npmexp,1.0.1,4.612845791321946,0.0,0,0,0,0,1
npmexp-1.0.1.tgz,@aszxc/npmexp,1.0.1,4.612845791321946,0.0,0,0,0,0,1
npmtest-v1nd-2.0.0-1.tgz,npmtest-v1nd,2.0.0,4.604378230483592,0.19092676201612058,0,0,0,1,1
npmtest-v1nd-2.0.0.tgz,npmtest-v1nd,2.0.0,4.604378230483592,0.19092676201612058,0,0,0,1,1
npmtracker-1.0.5-1.tgz,npmtracker,1.0.5,4.812861089513563,0.19353015715524882,0,0,0,0,1
npmtracker-1.0.5.tgz,npmtracker,1.0.5,4.812861089513563,0.19353015715524882,0,0,0,0,1
npm_protect_pkg-1.9.0-1.tgz,npm_protect_pkg,1.9.0,4.903506860162405,0.3133583975896044,0,1,0,0,1
npm_protect_pkg-1.9.0.tgz,npm_protect_pkg,1.9.0,4.903506860162405,0.3133583975896044,0,1,0,0,1
npm_scripts_test_metrics-1.74.0-1.tgz,npm_scripts_test_metrics,1.74.0,5.234255663344821,0.0,0,0,0,0,1
npm_scripts_test_metrics-1.74.0.tgz,npm_scripts_test_metrics,1.74.0,5.234255663344821,0.0,0,0,0,0,1
octavius-public-1.836.609-1.tgz,octavius-public,1.836.609,4.939767012603074,0.38949700306260077,0,1,0,0,1
octavius-public-1.836.609.tgz,octavius-public,1.836.609,4.939767012603074,0.38949700306260077,0,1,0,0,1
octavius-public-10.713.377-1.tgz,octavius-public,10.713.377,4.953940908416027,0.39298246673299886,0,1,0,0,1
octavius-public-10.713.377.tgz,octavius-public,10.713.377,4.953940908416027,0.39298246673299886,0,1,0,0,1
octavius-public-2.899.581-1.tgz,octavius-public,2.899.581,4.942568424573475,0.3443265825484212,0,0,0,0,1
octavius-public-2.899.581.tgz,octavius-public,2.899.581,4.942568424573475,0.3443265825484212,0,0,0,0,1
octavius-public-20.753.618-1.tgz,octavius-public,20.753.618,4.925679059303221,0.3595054887343947,0,0,0,0,1
octavius-public-20.753.618.tgz,octavius-public,20.753.618,4.925679059303221,0.3595054887343947,0,0,0,0,1
octavius-public-3.725.640-1.tgz,octavius-public,3.725.640,4.958225761926808,0.33088212139906714,0,0,0,0,1
octavius-public-3.725.640.tgz,octavius-public,3.725.640,4.958225761926808,0.33088212139906714,0,0,0,0,1
octavius-public-30.864.383-1.tgz,octavius-public,30.864.383,4.968191490736174,0.3656666363542933,0,0,0,0,1
octavius-public-30.864.383.tgz,octavius-public,30.864.383,4.968191490736174,0.3656666363542933,0,0,0,0,1
octavius-public-4.959.309-1.tgz,octavius-public,4.959.309,4.957001895480497,0.3678410744902645,0,0,0,0,1
octavius-public-4.959.309.tgz,octavius-public,4.959.309,4.957001895480497,0.3678410744902645,0,0,0,0,1
octavius-public-40.917.443-1.tgz,octavius-public,40.917.443,4.90907593448077,0.40498711735180803,0,0,0,0,1
octavius-public-40.917.443.tgz,octavius-public,40.917.443,4.90907593448077,0.40498711735180803,0,0,0,0,1
octavius-public-5.969.382-1.tgz,octavius-public,5.969.382,4.9312133482122,0.3774609810784879,0,0,0,0,1
octavius-public-5.969.382.tgz,octavius-public,5.969.382,4.9312133482122,0.3774609810784879,0,0,0,0,1
octavius-public-50.872.467-1.tgz,octavius-public,50.872.467,4.975521928400356,0.3564910947198281,0,1,0,0,1
octavius-public-50.872.467.tgz,octavius-public,50.872.467,4.975521928400356,0.3564910947198281,0,1,0,0,1
octavius-public-6.733.640-1.tgz,octavius-public,6.733.640,4.978856149754209,0.40284613542182734,0,0,0,0,1
octavius-public-6.733.640.tgz,octavius-public,6.733.640,4.978856149754209,0.40284613542182734,0,0,0,0,1
octavius-public-60.715.549-1.tgz,octavius-public,60.715.549,4.970068270601782,0.33250183100528696,0,0,0,0,1
octavius-public-60.715.549.tgz,octavius-public,60.715.549,4.970068270601782,0.33250183100528696,0,0,0,0,1
octavius-public-7.939.569-1.tgz,octavius-public,7.939.569,4.9362875866743625,0.3689233051467,0,0,0,0,1
octavius-public-7.939.569.tgz,octavius-public,7.939.569,4.9362875866743625,0.3689233051467,0,0,0,0,1
octavius-public-70.953.467-1.tgz,octavius-public,70.953.467,4.950694509719394,0.3532381672917455,0,0,0,0,1
octavius-public-70.953.467.tgz,octavius-public,70.953.467,4.950694509719394,0.3532381672917455,0,0,0,0,1
octavius-public-8.836.561-1.tgz,octavius-public,8.836.561,4.947204379844013,0.33607181860157676,0,1,0,0,1
octavius-public-8.836.561.tgz,octavius-public,8.836.561,4.947204379844013,0.33607181860157676,0,1,0,0,1
octavius-public-80.935.691-1.tgz,octavius-public,80.935.691,4.971393426826703,0.358306740812298,0,0,0,0,1
octavius-public-80.935.691.tgz,octavius-public,80.935.691,4.971393426826703,0.358306740812298,0,0,0,0,1
octavius-public-9.727.568-1.tgz,octavius-public,9.727.568,4.948224096544612,0.38364904776421405,0,0,0,0,1
octavius-public-9.727.568.tgz,octavius-public,9.727.568,4.948224096544612,0.38364904776421405,0,0,0,0,1
octavius-public-90.867.455-1.tgz,octavius-public,90.867.455,4.9755451051845725,0.33560620164814736,0,0,0,0,1
octavius-public-90.867.455.tgz,octavius-public,90.867.455,4.9755451051845725,0.33560620164814736,0,0,0,0,1
octavius-public-9998.984.689-1.tgz,octavius-public,9998.984.689,4.979197514319865,0.33876636957739237,0,1,0,0,1
octavius-public-9998.984.689.tgz,octavius-public,9998.984.689,4.979197514319865,0.33876636957739237,0,1,0,0,1
okhsa-0.1.1-1.tgz,okhsa,0.1.1,4.564788534922045,0.0,0,0,0,0,1
okhsa-0.1.1.tgz,okhsa,0.1.1,4.564788534922045,0.0,0,0,0,0,1
omniprotocol-99.99.99.tgz,omniprotocol,99.99.99,4.689134994137517,0.2586120573656805,0,1,0,0,1
on-running-script-context-3.10.143-1.tgz,on-running-script-context,3.10.143,4.331044758892166,0.6037687111335289,0,1,1,0,1
on-running-script-context-3.10.143.tgz,on-running-script-context,3.10.143,4.331044758892166,0.6037687111335289,0,1,1,0,1
only-test-not-install-1.0.4-1.tgz,only-test-not-install,1.0.4,4.3645398688859265,0.43836374555301855,0,0,0,0,1
only-test-not-install-1.0.4.tgz,only-test-not-install,1.0.4,4.3645398688859265,0.43836374555301855,0,0,0,0,1
owl-orchard-apple-sunshine-0.0.7-1.tgz,owl-orchard-apple-sunshine,0.0.7,3.9841660365017213,0.6377266918307058,0,0,0,0,1
owl-orchard-apple-sunshine-0.0.7.tgz,owl-orchard-apple-sunshine,0.0.7,3.9841660365017213,0.6377266918307058,0,0,0,0,1
p4d-rpi-tools-1.4.7-1.tgz,p4d-rpi-tools,1.4.7,4.91256867361498,0.32163891199040756,4,1,0,0,1
p4d-rpi-tools-1.4.7.tgz,p4d-rpi-tools,1.4.7,4.91256867361498,0.32163891199040756,4,1,0,0,1
paper-toolbar-3.9.0-1.tgz,paper-toolbar,3.9.0,4.780261783808799,0.10232736117778085,0,0,1,0,1
paper-toolbar-3.9.0.tgz,paper-toolbar,3.9.0,4.780261783808799,0.10232736117778085,0,0,1,0,1
partner-analytics-9.869.0-1.tgz,partner-analytics,9.869.0,4.873071362822278,0.15366651991681884,1,1,1,0,1
partner-analytics-9.869.0.tgz,partner-analytics,9.869.0,4.873071362822278,0.15366651991681884,1,1,1,0,1
paychex-app-common-html-1.0.1-1.tgz,paychex-app-common-html,1.0.1,3.556342806490915,2.067153827748223,0,1,1,0,1
paychex-app-common-html-1.0.1.tgz,paychex-app-common-html,1.0.1,3.556342806490915,2.067153827748223,0,1,1,0,1
pensi-scheduler-1.1.3-1.tgz,pensi-scheduler,1.1.3,4.786774786926499,0.34435090014272585,1,1,1,0,0
pensi-scheduler-1.1.3.tgz,pensi-scheduler,1.1.3,4.786774786926499,0.34435090014272585,1,1,1,0,0
percy-web-100.0.2-1.tgz,percy-web,100.0.2,5.247357607538186,0.3314776652418794,0,0,0,0,1
percy-web-100.0.2.tgz,percy-web,100.0.2,5.247357607538186,0.3314776652418794,0,0,0,0,1
pg-ng-popover-100.0.2-1.tgz,pg-ng-popover,100.0.2,5.236969369113947,0.39232285353768725,0,0,0,0,1
pg-ng-popover-100.0.2.tgz,pg-ng-popover,100.0.2,5.236969369113947,0.39232285353768725,0,0,0,0,1
phub-dl-1.0.0-1.tgz,phub-dl,1.0.0,4.874870359140943,0.5992568399425454,7,0,0,0,1
phub-dl-1.0.0.tgz,phub-dl,1.0.0,4.874870359140943,0.5992568399425454,7,0,0,0,1
ping-me-maybe-0.0.0-1.tgz,ping-me-maybe,0.0.0,4.857049471256081,0.25294551827498024,0,1,0,0,1
ping-me-maybe-0.0.0.tgz,ping-me-maybe,0.0.0,4.857049471256081,0.25294551827498024,0,1,0,0,1
pizza-pasta-1.0.3-1.tgz,pizza-pasta,1.0.3,4.930975017396919,0.1330982243012149,1,0,0,0,1
pizza-pasta-1.0.3.tgz,pizza-pasta,1.0.3,4.930975017396919,0.1330982243012149,1,0,0,0,1
plutov-slack-client-1.0.0-1.tgz,plutov-slack-client,1.0.0,3.7566866165477606,1.90868271169238,0,1,0,0,1
plutov-slack-client-1.0.0.tgz,plutov-slack-client,1.0.0,3.7566866165477606,1.90868271169238,0,1,0,0,1
plutov-slack-client-1.0.1-1.tgz,plutov-slack-client,1.0.1,3.7576627492331753,1.909155400827029,0,1,0,0,1
plutov-slack-client-1.0.1.tgz,plutov-slack-client,1.0.1,3.7576627492331753,1.909155400827029,0,1,0,0,1
portionfatty12-2.0.0-1.tgz,portionfatty12,2.0.0,4.780577371620588,0.23781632649518877,0,1,0,0,1
portionfatty12-2.0.0.tgz,portionfatty12,2.0.0,4.780577371620588,0.23781632649518877,0,1,0,0,1
prerequests-xcode-1.0.4-1.tgz,prerequests-xcode,1.0.4,4.889997326396905,0.3656852382614937,1,1,0,0,0
prerequests-xcode-1.0.4.tgz,prerequests-xcode,1.0.4,4.889997326396905,0.3656852382614937,1,1,0,0,0
promoaline-2.0.2-1.tgz,promoaline,2.0.2,4.743191997661716,0.3914465175887396,0,0,1,0,1
promoaline-2.0.2.tgz,promoaline,2.0.2,4.743191997661716,0.3914465175887396,0,0,1,0,1
promotemplate-1.20.0.tgz,promotemplate,1.20.0,4.753995449415313,0.3845105175806046,0,0,1,0,1
ps-brands-assets-4.2.8-1.tgz,ps-brands-assets,4.2.8,4.704633588337059,0.24520094082043542,0,1,0,0,1
ps-brands-assets-4.2.8.tgz,ps-brands-assets,4.2.8,4.704633588337059,0.24520094082043542,0,1,0,0,1
purple-bitch-1.4.0.tgz,purple-bitch,1.4.0,4.738410428069994,0.3090888624090742,2,0,0,0,0
pyramid-proportion-1.0.5-1.tgz,pyramid-proportion,1.0.5,5.110272059227482,0.2641727292810541,1,1,1,0,0
pyramid-proportion-1.0.5.tgz,pyramid-proportion,1.0.5,5.110272059227482,0.2641727292810541,1,1,1,0,0
radar-cms-2.0.0-1.tgz,radar-cms,2.0.0,4.741941703135006,0.5951844371210475,16,3,0,0,1
radar-cms-2.0.0.tgz,radar-cms,2.0.0,4.741941703135006,0.5951844371210475,16,3,0,0,1
random-vouchercode-generator-1.0.3-1.tgz,random-vouchercode-generator,1.0.3,4.9022735940319135,0.3525058126119727,0,1,0,0,0
random-vouchercode-generator-1.0.3.tgz,random-vouchercode-generator,1.0.3,4.9022735940319135,0.3525058126119727,0,1,0,0,0
rate-map-1.0.3-1.tgz,rate-map,1.0.3,5.042132520073908,0.1259208923639214,0,1,1,0,0
rate-map-1.0.3.tgz,rate-map,1.0.3,5.042132520073908,0.1259208923639214,0,1,1,0,0
razer-xdk-1.6.1-1.tgz,razer-xdk,1.6.1,4.041372015782833,0.9336804528369056,0,0,1,0,1
razer-xdk-1.6.1.tgz,razer-xdk,1.6.1,4.041372015782833,0.9336804528369056,0,0,1,0,1
rc-1.3.9.tgz,rc,1.3.9,4.353869723453506,0.4708741753012454,1,2,0,0,1
react-dom-router-compatibility-6.3.203-1.tgz,react-dom-router-compatibility,6.3.203,4.359458319075434,0.6238962284887573,0,1,1,0,1
react-dom-router-compatibility-6.3.203.tgz,react-dom-router-compatibility,6.3.203,4.359458319075434,0.6238962284887573,0,1,1,0,1
react-transition-group-community-version-3.0.0-1.tgz,react-transition-group-community-version,3.0.0,4.855442359928803,0.05341289879263576,1,0,0,0,0
react-transition-group-community-version-3.0.0.tgz,react-transition-group-community-version,3.0.0,4.855442359928803,0.05341289879263576,1,0,0,0,0
react-transition-group-community-version-4.12.0-1.tgz,react-transition-group-community-version,4.12.0,4.872867765883388,0.06859383894740022,2,1,1,0,1
react-transition-group-community-version-4.12.0.tgz,react-transition-group-community-version,4.12.0,4.872867765883388,0.06859383894740022,2,1,1,0,1
react_popper_old-999999.11.9-1.tgz,react_popper_old,999999.11.9,4.6592188505647005,0.23893435239113936,1,1,1,0,1
react_popper_old-999999.11.9.tgz,react_popper_old,999999.11.9,4.6592188505647005,0.23893435239113936,1,1,1,0,1
richdocuments-99.99.99-1.tgz,richdocuments,99.99.99,4.735485217918331,0.2028315531613729,0,0,0,0,1
richdocuments-99.99.99.tgz,richdocuments,99.99.99,4.735485217918331,0.2028315531613729,0,0,0,0,1
route-sonar-2.0.0.tgz,route-sonar,2.0.0,4.686648378951971,0.2862245183692558,0,1,0,0,1
rpc-websocket-0.7.10-1.tgz,rpc-websocket,0.7.10,4.584430021797487,0.3231712663524926,2,4,0,2,1
rpc-websocket-0.7.10.tgz,rpc-websocket,0.7.10,4.584430021797487,0.3231712663524926,2,4,0,2,1
rpc-websocket-0.7.11-1.tgz,rpc-websocket,0.7.11,4.584961964520315,0.3239795131184142,2,4,0,2,1
rpc-websocket-0.7.11.tgz,rpc-websocket,0.7.11,4.584961964520315,0.3239795131184142,2,4,0,2,1
rpc-websocket-0.7.7-1.tgz,rpc-websocket,0.7.7,4.584267408533651,0.32448430397884936,2,3,0,2,1
rpc-websocket-0.7.7.tgz,rpc-websocket,0.7.7,4.584267408533651,0.32448430397884936,2,3,0,2,1
rpc-websocket-0.7.8.tgz,rpc-websocket,0.7.8,4.584356011587189,0.32324783241908633,2,4,0,2,1
rpc-websocket-0.7.9.tgz,rpc-websocket,0.7.9,4.584532155907986,0.3232955003318082,2,4,0,2,1
rphzfwtcqgidmank-0.1.91-1.tgz,rphzfwtcqgidmank,0.1.91,5.040368566367052,0.9230796691934735,5,2,1,0,1
rphzfwtcqgidmank-0.1.91.tgz,rphzfwtcqgidmank,0.1.91,5.040368566367052,0.9230796691934735,5,2,1,0,1
rrgod-1.0.0-1.tgz,rrgod,1.0.0,4.609979886912911,0.14459229843237065,0,0,0,0,1
rrgod-1.0.0.tgz,rrgod,1.0.0,4.609979886912911,0.14459229843237065,0,0,0,0,1
runtime-limiter-0.2.0-1.tgz,runtime-limiter,0.2.0,3.2212137339632596,1.3293450668515085,0,0,0,1,0
runtime-limiter-0.2.0.tgz,runtime-limiter,0.2.0,3.2212137339632596,1.3293450668515085,0,0,0,1,0
rv-modal-store-1.0.2-1.tgz,rv-modal-store,1.0.2,4.768897278082501,0.24699562456478485,0,1,0,0,1
rv-modal-store-1.0.2.tgz,rv-modal-store,1.0.2,4.768897278082501,0.24699562456478485,0,1,0,0,1
sa-dashboard-1.2.2-1.tgz,sa-dashboard,1.2.2,4.881795698309181,0.0,0,0,0,0,1
sa-dashboard-1.2.2.tgz,sa-dashboard,1.2.2,4.881795698309181,0.0,0,0,0,0,1
safe-nonce-7218-0.0.2-1.tgz,safe-nonce-7218,0.0.2,4.491076753651059,0.20859249230845966,0,1,1,0,0
safe-nonce-7218-0.0.2.tgz,safe-nonce-7218,0.0.2,4.491076753651059,0.20859249230845966,0,1,1,0,0
sailclothjs-1.2.6-1.tgz,sailclothjs,1.2.6,4.757075794387945,0.3205493437731451,2,1,1,0,0
sailclothjs-1.2.6.tgz,sailclothjs,1.2.6,4.757075794387945,0.3205493437731451,2,1,1,0,0
sal-stack-lwip-2.0.0.tgz,sal-stack-lwip,2.0.0,4.708835823679777,0.22794622890355676,0,1,0,0,1
sdfjghlkfjdshlkjdhsfg-1.0.3-1.tgz,sdfjghlkfjdshlkjdhsfg,1.0.3,4.562838024782439,0.7069186362374262,1,1,1,1,1
sdfjghlkfjdshlkjdhsfg-1.0.3.tgz,sdfjghlkfjdshlkjdhsfg,1.0.3,4.562838024782439,0.7069186362374262,1,1,1,1,1
settings-0.1.99-1.tgz,@seller-ui/settings,0.1.99,4.563416029794828,0.2136605485850925,0,1,1,1,1
settings-0.1.99.tgz,@seller-ui/settings,0.1.99,4.563416029794828,0.2136605485850925,0,1,1,1,1
sixt-15.0.1.tgz,sixt,15.0.1,4.6635994279377675,0.2912681555754375,0,1,0,0,1
sj-tw-abc-1.0.2-1.tgz,sj-tw-abc,1.0.2,4.613083908157881,0.0,0,0,0,0,1
sj-tw-abc-1.0.2.tgz,sj-tw-abc,1.0.2,4.613083908157881,0.0,0,0,0,0,1
sj-tw-sec-1.0.0-1.tgz,sj-tw-sec,1.0.0,4.599143379254618,0.0,0,0,0,0,1
sj-tw-sec-1.0.0.tgz,sj-tw-sec,1.0.0,4.599143379254618,0.0,0,0,0,0,1
sj-tw-test-security-1.0.3-1.tgz,sj-tw-test-security,1.0.3,4.648328025106708,0.0,0,0,0,0,1
sj-tw-test-security-1.0.3.tgz,sj-tw-test-security,1.0.3,4.648328025106708,0.0,0,0,0,0,1
slush-fullstack-framework-0.9.2-1.tgz,slush-fullstack-framework,0.9.2,4.481835458232712,0.7386555502697436,4,1,1,0,0
slush-fullstack-framework-0.9.2.tgz,slush-fullstack-framework,0.9.2,4.481835458232712,0.7386555502697436,4,1,1,0,0
snyk-apps-demo-1.0.0-1.tgz,snyk-apps-demo,1.0.0,4.701767333751137,0.18133381806076532,0,1,0,0,1
snyk-apps-demo-1.0.0.tgz,snyk-apps-demo,1.0.0,4.701767333751137,0.18133381806076532,0,1,0,0,1
snyk-vulnerability-scanner-1.2.7.tgz,snyk-vulnerability-scanner,1.2.7,4.729829265476377,0.16322920900830828,0,1,0,0,1
socket-test-vulndep-1.0.11-1.tgz,@orlserg32112/socket-test-vulndep,1.0.11,4.577126135607994,0.16560533233536123,0,0,0,0,1
socket-test-vulndep-1.0.11.tgz,@orlserg32112/socket-test-vulndep,1.0.11,4.577126135607994,0.16560533233536123,0,0,0,0,1
speedy-ts-compiler-100.0.2-1.tgz,speedy-ts-compiler,100.0.2,5.194205040878406,0.35426768844262657,0,0,0,0,1
speedy-ts-compiler-100.0.2.tgz,speedy-ts-compiler,100.0.2,5.194205040878406,0.35426768844262657,0,0,0,0,1
storeid-1.0.0-1.tgz,storeid,1.0.0,4.90992644244054,0.3768979245419337,0,0,1,0,0
storeid-1.0.0.tgz,storeid,1.0.0,4.90992644244054,0.3768979245419337,0,0,1,0,0
storeidcloud-1.0.0-1.tgz,storeidcloud,1.0.0,4.7513676359164165,0.2342911315473981,0,0,0,0,0
storeidcloud-1.0.0.tgz,storeidcloud,1.0.0,4.7513676359164165,0.2342911315473981,0,0,0,0,0
stream-combine-2.0.2-1.tgz,stream-combine,2.0.2,4.443254207665122,0.5267798109933937,2,1,1,0,0
stream-combine-2.0.2.tgz,stream-combine,2.0.2,4.443254207665122,0.5267798109933937,2,1,1,0,0
stringjs_lib-0.2.1.tgz,stringjs_lib,0.2.1,3.2363566390071967,1.3444446049563008,0,0,0,1,0
support-colors-1.4.0-1.tgz,support-colors,1.4.0,4.755824945772296,0.33891363265771823,1,1,1,0,0
support-colors-1.4.0.tgz,support-colors,1.4.0,4.755824945772296,0.33891363265771823,1,1,1,0,0
surveyoptic-1.0.0.tgz,surveyoptic,1.0.0,4.736750574034464,0.1999322791597944,0,1,0,0,1
sushi-client-963.793.0-1.tgz,sushi-client,963.793.0,4.726330096613771,0.30395525903304066,1,1,1,0,1
sushi-client-963.793.0.tgz,sushi-client,963.793.0,4.726330096613771,0.30395525903304066,1,1,1,0,1
syndis-test-1.0.1-1.tgz,syndis-test,1.0.1,4.485251744708767,0.21018804189712403,0,0,1,0,1
syndis-test-1.0.1.tgz,syndis-test,1.0.1,4.485251744708767,0.21018804189712403,0,0,1,0,1
tangeshaiou-1.0.0-1.tgz,tangeshaiou,1.0.0,4.799182873616063,0.0,0,0,0,0,1
tangeshaiou-1.0.0.tgz,tangeshaiou,1.0.0,4.799182873616063,0.0,0,0,0,0,1
tds-publish-0.0.1-1.tgz,tds-publish,0.0.1,4.758734248887594,0.13526879945222806,1,1,1,0,0
tds-publish-0.0.1.tgz,tds-publish,0.0.1,4.758734248887594,0.13526879945222806,1,1,1,0,0
teams-data-9.811.0-1.tgz,teams-data,9.811.0,4.85084212037759,0.1413377189383243,2,1,1,0,1
teams-data-9.811.0.tgz,teams-data,9.811.0,4.85084212037759,0.1413377189383243,2,1,1,0,1
testdonotinstall-1.0.0-1.tgz,testdonotinstall,1.0.0,4.751866848753876,0.22788318417576453,0,2,2,0,1
testdonotinstall-1.0.0.tgz,testdonotinstall,1.0.0,4.751866848753876,0.22788318417576453,0,2,2,0,1
titles-3.4.4-1.tgz,titles,3.4.4,4.778295882503544,0.3667715431907952,1,1,1,0,0
titles-3.4.4.tgz,titles,3.4.4,4.778295882503544,0.3667715431907952,1,1,1,0,0
tomtom-rk-2022.7.23-1.tgz,tomtom-rk,2022.7.23,4.685908503036657,0.1214974148453375,0,0,1,0,1
tomtom-rk-2022.7.23.tgz,tomtom-rk,2022.7.23,4.685908503036657,0.1214974148453375,0,0,1,0,1
tools-for-discord-1.2.1-1.tgz,tools-for-discord,1.2.1,4.394447141987586,0.37541770765749505,1,1,0,0,0
tools-for-discord-1.2.1.tgz,tools-for-discord,1.2.1,4.394447141987586,0.37541770765749505,1,1,0,0,0
trimoz-api-wrapper-0.9.7-1.tgz,@trimoz/trimoz-api-wrapper,0.9.7,4.585079563760508,0.13444717778152956,8,3,0,0,1
trimoz-api-wrapper-0.9.7.tgz,@trimoz/trimoz-api-wrapper,0.9.7,4.585079563760508,0.13444717778152956,8,3,0,0,1
trimoz-api-wrapper-1.43.77.tgz,@trimoz/trimoz-api-wrapper,1.43.77,4.587546908574032,0.13871376018493525,8,3,0,0,1
trimoz-vue-error-handling-0.8.6-1.tgz,@trimoz/trimoz-vue-error-handling,0.8.6,4.562178588763698,0.18637812152612632,1,1,0,0,1
trimoz-vue-error-handling-0.8.6.tgz,@trimoz/trimoz-vue-error-handling,0.8.6,4.562178588763698,0.18637812152612632,1,1,0,0,1
trimoz-vue-error-handling-1.81.60.tgz,@trimoz/trimoz-vue-error-handling,1.81.60,4.579021112591547,0.21237067386868866,1,1,0,0,1
trin-glob-1.0.9-1.tgz,trin-glob,1.0.9,5.119106197929792,0.061195837338634096,0,0,0,1,0
trin-glob-1.0.9.tgz,trin-glob,1.0.9,5.119106197929792,0.061195837338634096,0,0,0,1,0
tttestsupport-common-70.70.70-1.tgz,tttestsupport-common,70.70.70,4.579719453673453,0.38729824845076655,0,1,0,0,1
tttestsupport-common-70.70.70.tgz,tttestsupport-common,70.70.70,4.579719453673453,0.38729824845076655,0,1,0,0,1
tysapi-3.0.5-1.tgz,tysapi,3.0.5,4.426643519792683,0.40325886139996026,10,13,1,0,1
tysapi-3.0.5.tgz,tysapi,3.0.5,4.426643519792683,0.40325886139996026,10,13,1,0,1
ua-parser-js-0.7.29.zip,ua-parser-js,0.7.29,5.031860345160326,1.060933619507658,4,2,0,0,1
ual-content-page-1.0.0.tgz,ual-content-page,1.0.0,4.6866025878934465,0.29408325121350565,0,1,0,0,1
uber-eats-99.9.9-1.tgz,uber-eats,99.9.9,4.887698035829972,0.45290546108782426,1,0,0,0,1
uber-eats-99.9.9.tgz,uber-eats,99.9.9,4.887698035829972,0.45290546108782426,1,0,0,0,1
ui-ace-1.0.0-1.tgz,ui-ace,1.0.0,4.582955100274074,0.17061272359236446,0,1,0,0,0
ui-ace-1.0.0.tgz,ui-ace,1.0.0,4.582955100274074,0.17061272359236446,0,1,0,0,0
ui-ace-9.0.0-1.tgz,ui-ace,9.0.0,4.9608164939076556,0.008534196114319492,0,1,0,0,1
ui-ace-9.0.0.tgz,ui-ace,9.0.0,4.9608164939076556,0.008534196114319492,0,1,0,0,1
umbrellaks-1.0.0.tgz,umbrellaks,1.0.0,4.8118612567194345,0.253256690539364,2,2,2,1,0
unodep-999.0.0.tgz,unodep,999.0.0,4.675049337758783,0.2426390589832934,0,1,0,0,1
uploader-plugin-1.0.2-1.tgz,uploader-plugin,1.0.2,4.655737942291055,0.4657848545805348,5,3,3,0,0
uploader-plugin-1.0.2.tgz,uploader-plugin,1.0.2,4.655737942291055,0.4657848545805348,5,3,3,0,0
useevil-1.0.0-1.tgz,useevil,1.0.0,4.790671638017209,0.24975974891979208,0,0,0,0,0
useevil-1.0.0.tgz,useevil,1.0.0,4.790671638017209,0.24975974891979208,0,0,0,0,0
util-0.1.0-1.tgz,@0x000000000000000/util,0.1.0,4.922534559127868,0.7522832333126566,0,0,0,0,0
util-0.1.0.tgz,@0x000000000000000/util,0.1.0,4.922534559127868,0.7522832333126566,0,0,0,0,0
vazgarules-1.0.9.tgz,vazgarules,1.0.9,4.729836268357386,0.20445877367100618,0,1,0,0,1
vera.js-8.0.0-1.tgz,vera.js,8.0.0,5.005019227124892,0.43364585783463605,1,0,0,0,0
vera.js-8.0.0.tgz,vera.js,8.0.0,5.005019227124892,0.43364585783463605,1,0,0,0,0
vfdp-ui-framework-7.14.2-1.tgz,vfdp-ui-framework,7.14.2,4.807252586350112,0.2688668264557338,1,0,1,0,1
vfdp-ui-framework-7.14.2.tgz,vfdp-ui-framework,7.14.2,4.807252586350112,0.2688668264557338,1,0,1,0,1
volgactf-10.0.0-1.tgz,volgactf,10.0.0,4.878313133178669,0.23264859647868147,0,0,0,0,1
volgactf-10.0.0.tgz,volgactf,10.0.0,4.878313133178669,0.23264859647868147,0,0,0,0,1
vzyfxaumldnesjor-0.1.91-1.tgz,vzyfxaumldnesjor,0.1.91,5.04067186212717,0.9227783411694223,5,2,1,0,1
vzyfxaumldnesjor-0.1.91.tgz,vzyfxaumldnesjor,0.1.91,5.04067186212717,0.9227783411694223,5,2,1,0,1
wafer-autocomplete-1.25.0-1.tgz,wafer-autocomplete,1.25.0,4.917005371616328,0.4233779504236832,0,0,0,0,1
wafer-autocomplete-1.25.0.tgz,wafer-autocomplete,1.25.0,4.917005371616328,0.4233779504236832,0,0,0,0,1
wafer-beacon-1.3.3-1.tgz,wafer-beacon,1.3.3,4.895347262695218,0.3988229000661292,0,0,0,0,1
wafer-beacon-1.3.3.tgz,wafer-beacon,1.3.3,4.895347262695218,0.3988229000661292,0,0,0,0,1
wafer-bind-1.1.2-1.tgz,wafer-bind,1.1.2,4.869705003782427,0.4123179134625916,0,0,0,0,1
wafer-bind-1.1.2.tgz,wafer-bind,1.1.2,4.869705003782427,0.4123179134625916,0,0,0,0,1
wafer-bind-1.1.3-1.tgz,wafer-bind,1.1.3,4.884782464444827,0.41079807349984954,0,0,0,0,1
wafer-bind-1.1.3.tgz,wafer-bind,1.1.3,4.884782464444827,0.41079807349984954,0,0,0,0,1
wafer-caas-1.14.20-1.tgz,wafer-caas,1.14.20,4.926897638586917,0.40380552949962123,0,0,0,0,1
wafer-caas-1.14.20.tgz,wafer-caas,1.14.20,4.926897638586917,0.40380552949962123,0,0,0,0,1
wafer-countdown-1.2.5-1.tgz,wafer-countdown,1.2.5,4.902302729730339,0.4227690175225982,0,0,0,0,1
wafer-countdown-1.2.5.tgz,wafer-countdown,1.2.5,4.902302729730339,0.4227690175225982,0,0,0,0,1
wafer-darla-1.0.27-1.tgz,wafer-darla,1.0.27,4.9284108875400445,0.4064518212762329,0,0,0,0,1
wafer-darla-1.0.27.tgz,wafer-darla,1.0.27,4.9284108875400445,0.4064518212762329,0,0,0,0,1
wafer-form-1.30.1-1.tgz,wafer-form,1.30.1,4.899218733180604,0.4193342196676171,0,0,0,0,1
wafer-form-1.30.1.tgz,wafer-form,1.30.1,4.899218733180604,0.4193342196676171,0,0,0,0,1
wafer-geolocation-1.2.10-1.tgz,wafer-geolocation,1.2.10,4.873910368789318,0.3599801300621053,0,0,0,0,1
wafer-geolocation-1.2.10.tgz,wafer-geolocation,1.2.10,4.873910368789318,0.3599801300621053,0,0,0,0,1
wafer-image-1.2.1-1.tgz,wafer-image,1.2.1,4.897365075525003,0.37356196837145816,0,0,0,0,1
wafer-image-1.2.1.tgz,wafer-image,1.2.1,4.897365075525003,0.37356196837145816,0,0,0,0,1
wafer-image-1.2.2-1.tgz,wafer-image,1.2.2,4.887014957492781,0.43734897736597445,0,0,0,0,1
wafer-image-1.2.2.tgz,wafer-image,1.2.2,4.887014957492781,0.43734897736597445,0,0,0,0,1
wafer-lightbox-1.5.4-1.tgz,wafer-lightbox,1.5.4,4.9077305499578205,0.40283077489599695,0,0,0,0,1
wafer-lightbox-1.5.4.tgz,wafer-lightbox,1.5.4,4.9077305499578205,0.40283077489599695,0,0,0,0,1
wafer-template-1.4.2-1.tgz,wafer-template,1.4.2,4.906096038879532,0.3749681089196315,0,0,0,0,1
wafer-template-1.4.2.tgz,wafer-template,1.4.2,4.906096038879532,0.3749681089196315,0,0,0,0,1
wafer-text-1.2.0-1.tgz,wafer-text,1.2.0,4.932327164369699,0.4301741195466131,0,0,0,0,1
wafer-text-1.2.0.tgz,wafer-text,1.2.0,4.932327164369699,0.4301741195466131,0,0,0,0,1
wafer-toggle-1.15.3-1.tgz,wafer-toggle,1.15.3,4.944018255845557,0.4077785392433615,0,0,0,0,1
wafer-toggle-1.15.3.tgz,wafer-toggle,1.15.3,4.944018255845557,0.4077785392433615,0,0,0,0,1
wafer-toggle-1.15.4-1.tgz,wafer-toggle,1.15.4,4.896804561298595,0.4042149518703728,0,0,0,0,1
wafer-toggle-1.15.4.tgz,wafer-toggle,1.15.4,4.896804561298595,0.4042149518703728,0,0,0,0,1
wak-app-2.4.345-1.tgz,wak-app,2.4.345,3.9713748371967803,0.8494467423094176,0,0,0,0,1
wak-app-2.4.345.tgz,wak-app,2.4.345,3.9713748371967803,0.8494467423094176,0,0,0,0,1
web-browserify-1.0.0-1.tgz,web-browserify,1.0.0,5.799759351606169,1.5561997802138385,1,0,0,0,1
web-browserify-1.0.0.tgz,web-browserify,1.0.0,5.799759351606169,1.5561997802138385,1,0,0,0,1
web-design-system-9.683.2-1.tgz,@igraal/web-design-system,9.683.2,5.032662546284277,0.2634346963177968,3,3,3,2,1
web-design-system-9.683.2.tgz,@igraal/web-design-system,9.683.2,5.032662546284277,0.2634346963177968,3,3,3,2,1
webcm-dev-1.0.0.tgz,webcm-dev,1.0.0,4.7054351220289075,0.2703803249895409,0,1,0,0,0
wf_ajax-96.7.9-1.tgz,wf_ajax,96.7.9,4.625603382274648,0.3458824696487738,1,1,1,1,1
wf_ajax-96.7.9.tgz,wf_ajax,96.7.9,4.625603382274648,0.3458824696487738,1,1,1,1,1
wf_apn-97.10.9-1.tgz,wf_apn,97.10.9,4.609891005111187,0.3964066895634027,1,1,1,1,1
wf_apn-97.10.9.tgz,wf_apn,97.10.9,4.609891005111187,0.3964066895634027,1,1,1,1,1
wf_scheduler-96.10.9-1.tgz,wf_scheduler,96.10.9,4.470025214222726,0.383680343228045,0,1,1,1,1
wf_scheduler-96.10.9.tgz,wf_scheduler,96.10.9,4.470025214222726,0.383680343228045,0,1,1,1,1
wf_storage-99.10.9-1.tgz,wf_storage,99.10.9,4.666823457825992,0.42811818403206553,0,1,1,1,1
wf_storage-99.10.9.tgz,wf_storage,99.10.9,4.666823457825992,0.42811818403206553,0,1,1,1,1
wixdev2022-1-1.0.0-1.tgz,wixdev2022-1,1.0.0,5.157694878161599,1.1353292459840747,1,0,0,0,0
wixdev2022-1-1.0.0.tgz,wixdev2022-1,1.0.0,5.157694878161599,1.1353292459840747,1,0,0,0,0
wixdev2022-1-1.0.1-1.tgz,wixdev2022-1,1.0.1,5.1630558267766204,1.1334440105160923,1,0,0,0,1
wixdev2022-1-1.0.1.tgz,wixdev2022-1,1.0.1,5.1630558267766204,1.1334440105160923,1,0,0,0,1
wixdev2022-1-1.0.10-1.tgz,wixdev2022-1,1.0.10,5.366735646135236,0.9574119091590632,1,1,0,0,1
wixdev2022-1-1.0.10.tgz,wixdev2022-1,1.0.10,5.366735646135236,0.9574119091590632,1,1,0,0,1
wixdev2022-1-1.0.11-1.tgz,wixdev2022-1,1.0.11,5.352816249288272,0.9649129267306717,1,1,0,0,1
wixdev2022-1-1.0.11.tgz,wixdev2022-1,1.0.11,5.352816249288272,0.9649129267306717,1,1,0,0,1
wixdev2022-1-1.0.2-1.tgz,wixdev2022-1,1.0.2,5.164181251319255,1.1330542871657991,1,0,0,0,1
wixdev2022-1-1.0.2.tgz,wixdev2022-1,1.0.2,5.164181251319255,1.1330542871657991,1,0,0,0,1
wixdev2022-1-1.0.3-1.tgz,wixdev2022-1,1.0.3,5.079690743094173,1.1679952269932297,1,0,0,0,1
wixdev2022-1-1.0.3.tgz,wixdev2022-1,1.0.3,5.079690743094173,1.1679952269932297,1,0,0,0,1
wixdev2022-1-1.0.4-1.tgz,wixdev2022-1,1.0.4,5.326293174758927,0.9793276833577687,1,1,0,0,1
wixdev2022-1-1.0.4.tgz,wixdev2022-1,1.0.4,5.326293174758927,0.9793276833577687,1,1,0,0,1
wixdev2022-1-1.0.5-1.tgz,wixdev2022-1,1.0.5,5.391917931457095,0.9441993250068305,1,1,0,0,1
wixdev2022-1-1.0.5.tgz,wixdev2022-1,1.0.5,5.391917931457095,0.9441993250068305,1,1,0,0,1
wixdev2022-1-1.0.6-1.tgz,wixdev2022-1,1.0.6,5.2802056975634954,1.0083816850012424,1,1,0,0,1
wixdev2022-1-1.0.6.tgz,wixdev2022-1,1.0.6,5.2802056975634954,1.0083816850012424,1,1,0,0,1
wixdev2022-1-1.0.7.tgz,wixdev2022-1,1.0.7,5.300559495757515,0.995128785067307,1,1,0,0,1
wixdev2022-1-1.0.8-1.tgz,wixdev2022-1,1.0.8,5.2839109237424395,1.0067618280093011,1,1,0,0,1
wixdev2022-1-1.0.8.tgz,wixdev2022-1,1.0.8,5.2839109237424395,1.0067618280093011,1,1,0,0,1
wixdev2022-1-1.0.9-1.tgz,wixdev2022-1,1.0.9,5.343975087298115,0.9713702348900657,1,1,0,0,1
wixdev2022-1-1.0.9.tgz,wixdev2022-1,1.0.9,5.343975087298115,0.9713702348900657,1,1,0,0,1
wp-calypso-1.0.0.tgz,wp-calypso,1.0.0,4.599311174895013,0.4850489167273111,0,1,1,0,1
wsbd.js-1.0.0-1.tgz,wsbd.js,1.0.0,4.281473967879793,0.10728177030889618,0,1,0,0,1
wsbd.js-1.0.0.tgz,wsbd.js,1.0.0,4.281473967879793,0.10728177030889618,0,1,0,0,1
xo-twofa-999.0.3-1.tgz,xo-twofa,999.0.3,4.797129501003942,0.22315699313703474,0,1,0,0,1
xo-twofa-999.0.3.tgz,xo-twofa,999.0.3,4.797129501003942,0.22315699313703474,0,1,0,0,1
yummy-bolts-1.4.0-1.tgz,yummy-bolts,1.4.0,4.811983015686189,0.17530676385888797,0,0,0,0,1
yummy-bolts-1.4.0.tgz,yummy-bolts,1.4.0,4.811983015686189,0.17530676385888797,0,0,0,0,1
yyzreverseshell1-1.0.2-1.tgz,yyzreverseshell1,1.0.2,4.783679363333492,0.0010950505599880422,0,1,0,0,0
yyzreverseshell1-1.0.2.tgz,yyzreverseshell1,1.0.2,4.783679363333492,0.0010950505599880422,0,1,0,0,0
yyzreverseshell4-1.0.0-1.tgz,yyzreverseshell4,1.0.0,4.817135276027987,0.00870272914174075,0,1,0,0,1
yyzreverseshell4-1.0.0.tgz,yyzreverseshell4,1.0.0,4.817135276027987,0.00870272914174075,0,1,0,0,1
zemen-0.0.5-1.tgz,zemen,0.0.5,4.612270595126648,0.49812971426093994,1,1,1,0,0
zemen-0.0.5.tgz,zemen,0.0.5,4.612270595126648,0.49812971426093994,1,1,1,0,0
zenapi-1.0.9-1.tgz,zenapi,1.0.9,4.4262301671131645,0.403429586854202,10,13,1,0,1
zenapi-1.0.9.tgz,zenapi,1.0.9,4.4262301671131645,0.403429586854202,10,13,1,0,1
zoho-app-2.0.2-1.tgz,zoho-app,2.0.2,4.818403908435507,0.2248847952868811,1,0,0,0,1
zoho-app-2.0.2.tgz,zoho-app,2.0.2,4.818403908435507,0.2248847952868811,1,0,0,0,1
zureexplorer2-99.10.9-1.tgz,zureexplorer2,99.10.9,5.019122076218244,0.4645852022799155,0,1,0,0,1
zureexplorer2-99.10.9.tgz,zureexplorer2,99.10.9,5.019122076218244,0.4645852022799155,0,1,0,0,1
